entity,track,predictor,smd,ks
Procambarus clarkii (alien),local_only,l_CLI1,-0.5404,0.2784
Procambarus clarkii (alien),local_only,l_CLI2,-0.5447,0.2822
Procambarus clarkii (alien),local_only,l_CLI3,-0.5441,0.2812
Procambarus clarkii (alien),local_only,l_CLI4,-0.0687,0.0376
Procambarus clarkii (alien),local_only,l_CLI5,-0.1911,0.1617
Procambarus clarkii (alien),local_only,l_CLI6,-0.1939,0.1645
Procambarus clarkii (alien),local_only,l_CLI7,-0.1926,0.1649
Procambarus clarkii (alien),local_only,l_CLI8,-0.0434,0.0187
Procambarus clarkii (alien),local_only,l_CLI9,-0.3272,0.1544
Procambarus clarkii (alien),local_only,l_CLI10,-0.3278,0.1541
Procambarus clarkii (alien),local_only,l_CLI11,-0.3275,0.1545
Procambarus clarkii (alien),local_only,l_CLI12,-0.0817,0.0294
Procambarus clarkii (alien),local_only,l_CLI13,0.2333,0.11
Procambarus clarkii (alien),local_only,l_CLI14,0.2327,0.109
Procambarus clarkii (alien),local_only,l_CLI15,0.2329,0.1094
Procambarus clarkii (alien),local_only,l_CLI16,-0.0573,0.0234
Procambarus clarkii (alien),local_only,l_CLI17,-0.2955,0.1639
Procambarus clarkii (alien),local_only,l_CLI18,-0.2994,0.1668
Procambarus clarkii (alien),local_only,l_CLI19,-0.2984,0.1662
Procambarus clarkii (alien),local_only,l_CLI20,-0.0587,0.0373
Procambarus clarkii (alien),local_only,l_CLI21,-0.4359,0.1694
Procambarus clarkii (alien),local_only,l_CLI22,-0.4387,0.1732
Procambarus clarkii (alien),local_only,l_CLI23,-0.4381,0.1719
Procambarus clarkii (alien),local_only,l_CLI24,-0.0923,0.0538
Procambarus clarkii (alien),local_only,l_CLI25,0.0959,0.0601
Procambarus clarkii (alien),local_only,l_CLI26,0.0953,0.0595
Procambarus clarkii (alien),local_only,l_CLI27,0.0955,0.0595
Procambarus clarkii (alien),local_only,l_CLI28,-0.0487,0.0203
Procambarus clarkii (alien),local_only,l_CLI29,-0.2169,0.1354
Procambarus clarkii (alien),local_only,l_CLI30,-0.2174,0.137
Procambarus clarkii (alien),local_only,l_CLI31,-0.2176,0.1368
Procambarus clarkii (alien),local_only,l_CLI32,-0.0032,0.0408
Procambarus clarkii (alien),local_only,l_CLI33,-0.305,0.1439
Procambarus clarkii (alien),local_only,l_CLI34,-0.3069,0.1427
Procambarus clarkii (alien),local_only,l_CLI35,-0.3068,0.1438
Procambarus clarkii (alien),local_only,l_CLI36,-0.0392,0.0392
Procambarus clarkii (alien),local_only,l_CLI37,-0.3256,0.176
Procambarus clarkii (alien),local_only,l_CLI38,-0.3302,0.1809
Procambarus clarkii (alien),local_only,l_CLI39,-0.329,0.1797
Procambarus clarkii (alien),local_only,l_CLI40,-0.0579,0.0299
Procambarus clarkii (alien),local_only,l_CLI41,-0.5421,0.2147
Procambarus clarkii (alien),local_only,l_CLI42,-0.5439,0.2156
Procambarus clarkii (alien),local_only,l_CLI43,-0.5439,0.2159
Procambarus clarkii (alien),local_only,l_CLI44,-0.0882,0.0501
Procambarus clarkii (alien),local_only,l_CLI45,0.1045,0.1668
Procambarus clarkii (alien),local_only,l_CLI46,0.0996,0.166
Procambarus clarkii (alien),local_only,l_CLI47,0.102,0.1663
Procambarus clarkii (alien),local_only,l_CLI48,-0.0622,0.0232
Procambarus clarkii (alien),local_only,l_CLI49,-0.132,0.0887
Procambarus clarkii (alien),local_only,l_CLI50,-0.1336,0.0898
Procambarus clarkii (alien),local_only,l_CLI51,-0.1328,0.0893
Procambarus clarkii (alien),local_only,l_CLI52,-0.0994,0.041
Procambarus clarkii (alien),local_only,l_CLI53,0.328,0.196
Procambarus clarkii (alien),local_only,l_CLI54,0.3236,0.1949
Procambarus clarkii (alien),local_only,l_CLI55,0.3258,0.1956
Procambarus clarkii (alien),local_only,l_CLI56,-0.015,0.0882
Procambarus clarkii (alien),local_only,l_CLI57,-0.4554,0.2412
Procambarus clarkii (alien),local_only,l_CLI58,-0.4555,0.2415
Procambarus clarkii (alien),local_only,l_CLI59,-0.4555,0.2414
Procambarus clarkii (alien),local_only,l_CLI60,-0.0918,0.0446
Procambarus clarkii (alien),local_only,l_CLI61,-0.0753,0.0743
Procambarus clarkii (alien),local_only,l_CLI62,-0.0778,0.0729
Procambarus clarkii (alien),local_only,l_CLI63,-0.0766,0.0738
Procambarus clarkii (alien),local_only,l_CLI64,-0.0883,0.0387
Procambarus clarkii (alien),local_only,l_CLI65,0.3093,0.1871
Procambarus clarkii (alien),local_only,l_CLI66,0.3047,0.1867
Procambarus clarkii (alien),local_only,l_CLI67,0.3069,0.1869
Procambarus clarkii (alien),local_only,l_CLI68,-0.0199,0.0774
Procambarus clarkii (alien),local_only,l_CLI69,0.009,0.1406
Procambarus clarkii (alien),local_only,l_CLI70,0.0039,0.1402
Procambarus clarkii (alien),local_only,l_CLI71,0.0065,0.1406
Procambarus clarkii (alien),local_only,l_CLI72,-0.0836,0.069
Procambarus clarkii (alien),local_only,l_CLI73,0.1233,0.0936
Procambarus clarkii (alien),local_only,l_CLI74,0.1174,0.0937
Procambarus clarkii (alien),local_only,l_CLI75,0.1206,0.0934
Procambarus clarkii (alien),local_only,l_CLI76,-0.0546,0.021
Procambarus clarkii (alien),local_only,l_TOP124,-0.0044,0.1061
Procambarus clarkii (alien),local_only,l_TOP125,-0.0261,0.0409
Procambarus clarkii (alien),local_only,l_TOP126,-0.0271,0.049
Procambarus clarkii (alien),local_only,l_TOP127,-0.0265,0.0277
Procambarus clarkii (alien),local_only,l_TOP128,-0.0101,0.0746
Procambarus clarkii (alien),local_only,l_TOP129,-0.0212,0.0795
Procambarus clarkii (alien),local_only,l_TOP130,-0.0278,0.0871
Procambarus clarkii (alien),local_only,l_TOP131,-0.0223,0.052
Procambarus clarkii (alien),local_only,l_LAC1,0.1242,0.0568
Procambarus clarkii (alien),local_only,l_LAC2,-0.1353,0.0477
Procambarus clarkii (alien),local_only,l_LAC3,-0.0526,0.0111
Procambarus clarkii (alien),local_only,l_LAC4,-0.0547,0.0284
Procambarus clarkii (alien),local_only,l_LAC5,-0.1128,0.0166
Procambarus clarkii (alien),local_only,l_LAC6,0.1611,0.0576
Procambarus clarkii (alien),local_only,l_LAC7,0.0027,0.0033
Procambarus clarkii (alien),local_only,l_LAC8,-0.0705,0.007
Procambarus clarkii (alien),local_only,l_LAC9,0.0246,0.0104
Procambarus clarkii (alien),local_only,l_LAC10,-0.0359,0.0111
Procambarus clarkii (alien),local_only,l_LAC11,0.0204,0.0021
Procambarus clarkii (alien),local_only,l_LAC12,-0.1739,0.0598
Procambarus clarkii (alien),local_only,l_LAC13,0.0505,0.0264
Procambarus clarkii (alien),local_only,l_LAC14,,0.0
Procambarus clarkii (alien),local_only,l_LAC15,-0.0621,0.0041
Procambarus clarkii (alien),local_only,l_LAC16,-0.0636,0.008
Procambarus clarkii (alien),local_only,l_LAC17,-0.0389,0.0017
Procambarus clarkii (alien),local_only,l_LAC18,0.0187,0.0064
Procambarus clarkii (alien),local_only,l_LAC19,0.0141,0.0221
Procambarus clarkii (alien),local_only,l_LAC20,-0.0286,0.0046
Procambarus clarkii (alien),local_only,l_LAC21,-0.003,0.0103
Procambarus clarkii (alien),local_only,l_LAC22,,0.0
Procambarus clarkii (alien),local_only,l_SOL1,-0.1873,0.0618
Procambarus clarkii (alien),local_only,l_SOL2,-0.1561,0.0533
Procambarus clarkii (alien),local_only,l_SOL3,-0.1731,0.0619
Procambarus clarkii (alien),local_only,l_SOL4,-0.0207,0.0116
Procambarus clarkii (alien),local_only,l_SOL9,-0.2751,0.1366
Procambarus clarkii (alien),local_only,l_SOL10,-0.2459,0.1165
Procambarus clarkii (alien),local_only,l_SOL11,-0.2636,0.13
Procambarus clarkii (alien),local_only,l_SOL12,0.0502,0.0188
Procambarus clarkii (alien),local_only,l_SOL13,-0.0167,0.0374
Procambarus clarkii (alien),local_only,l_SOL14,0.0467,0.0357
Procambarus clarkii (alien),local_only,l_SOL15,0.0144,0.0293
Procambarus clarkii (alien),local_only,l_SOL16,0.1632,0.0744
Procambarus clarkii (alien),local_only,l_SOL17,0.1718,0.1249
Procambarus clarkii (alien),local_only,l_SOL18,0.2485,0.1598
Procambarus clarkii (alien),local_only,l_SOL19,0.2126,0.1493
Procambarus clarkii (alien),local_only,l_SOL20,0.212,0.0926
Procambarus clarkii (alien),local_only,l_SOL5,-0.1272,0.0588
Procambarus clarkii (alien),local_only,l_SOL6,-0.1002,0.0448
Procambarus clarkii (alien),local_only,l_SOL7,-0.1134,0.0517
Procambarus clarkii (alien),local_only,l_SOL8,0.0427,0.0213
Procambarus clarkii (alien),local_only,l_SOL37,0.0451,0.0668
Procambarus clarkii (alien),local_only,l_SOL38,0.0724,0.0625
Procambarus clarkii (alien),local_only,l_SOL39,0.0596,0.0654
Procambarus clarkii (alien),local_only,l_SOL40,0.0686,0.0348
Procambarus clarkii (alien),local_only,l_SOL41,-0.2193,0.1042
Procambarus clarkii (alien),local_only,l_SOL42,-0.1894,0.0825
Procambarus clarkii (alien),local_only,l_SOL43,-0.2044,0.0963
Procambarus clarkii (alien),local_only,l_SOL44,0.1313,0.0605
Procambarus clarkii (alien),local_only,l_SOL25,0.0829,0.0564
Procambarus clarkii (alien),local_only,l_SOL26,0.0929,0.0618
Procambarus clarkii (alien),local_only,l_SOL27,0.0878,0.0632
Procambarus clarkii (alien),local_only,l_SOL28,-0.0421,0.0131
Procambarus clarkii (alien),local_only,l_SOL29,-0.141,0.0773
Procambarus clarkii (alien),local_only,l_SOL30,-0.1097,0.0766
Procambarus clarkii (alien),local_only,l_SOL31,-0.1292,0.0761
Procambarus clarkii (alien),local_only,l_SOL32,-0.0192,0.0314
Procambarus clarkii (alien),local_only,l_SOL21,-0.2217,0.1038
Procambarus clarkii (alien),local_only,l_SOL22,-0.2493,0.1289
Procambarus clarkii (alien),local_only,l_SOL23,-0.2387,0.1213
Procambarus clarkii (alien),local_only,l_SOL24,-0.197,0.0978
Procambarus clarkii (alien),local_only,l_SOL45,0.1275,0.0675
Procambarus clarkii (alien),local_only,l_SOL46,0.1893,0.1098
Procambarus clarkii (alien),local_only,l_SOL47,0.1662,0.1099
Procambarus clarkii (alien),local_only,l_SOL48,0.1406,0.0612
Procambarus clarkii (alien),local_only,l_SOL53,0.2399,0.0869
Procambarus clarkii (alien),local_only,l_SOL54,0.1771,0.0512
Procambarus clarkii (alien),local_only,l_SOL55,0.2168,0.0871
Procambarus clarkii (alien),local_only,l_SOL56,-0.226,0.0857
Procambarus clarkii (alien),local_only,l_SOL57,-0.0833,0.0294
Procambarus clarkii (alien),local_only,l_SOL58,-0.1232,0.0447
Procambarus clarkii (alien),local_only,l_SOL59,-0.1062,0.0357
Procambarus clarkii (alien),local_only,l_SOL60,-0.1422,0.0527
Procambarus clarkii (alien),local_only,l_SOL33,0.0567,0.069
Procambarus clarkii (alien),local_only,l_SOL34,0.1187,0.1239
Procambarus clarkii (alien),local_only,l_SOL35,0.0911,0.1244
Procambarus clarkii (alien),local_only,l_SOL36,0.174,0.1216
Procambarus clarkii (alien),local_only,l_SOL49,-0.0512,0.0042
Procambarus clarkii (alien),local_only,l_SOL50,-0.1024,0.0162
Procambarus clarkii (alien),local_only,l_SOL51,-0.0874,0.0135
Procambarus clarkii (alien),local_only,l_SOL52,-0.0908,0.0122
Procambarus clarkii (alien),local_only,l_TOP108,-0.0345,0.099
Procambarus clarkii (alien),local_only,l_TOP109,-0.1852,0.0986
Procambarus clarkii (alien),local_only,l_TOP110,0.0529,0.0238
Procambarus clarkii (alien),local_only,l_TOP111,0.0274,0.0231
Procambarus clarkii (alien),local_only,l_TOP112,0.1374,0.0758
Procambarus clarkii (alien),local_only,l_TOP113,-0.076,0.101
Procambarus clarkii (alien),local_only,l_TOP132,-0.0449,0.1042
Procambarus clarkii (alien),local_only,l_TOP114,-0.1568,0.0932
Procambarus clarkii (alien),local_only,l_TOP115,-0.3461,0.1545
Procambarus clarkii (alien),local_only,l_TOP116,-0.3529,0.1586
Procambarus clarkii (alien),local_only,l_TOP117,-0.0204,0.0142
Procambarus clarkii (alien),local_only,l_TOP118,-0.0205,0.0066
Procambarus clarkii (alien),local_only,l_TOP119,-0.0169,0.0134
Procambarus clarkii (alien),local_only,l_TOP120,-0.3529,0.1586
Procambarus clarkii (alien),local_only,l_TOP121,-0.3513,0.1565
Procambarus clarkii (alien),local_only,l_TOP122,-0.3505,0.1556
Procambarus clarkii (alien),local_only,l_TOP123,-0.1101,0.0638
Procambarus clarkii (alien),local_only,l_TOP1,0.1643,0.0733
Procambarus clarkii (alien),local_only,l_TOP2,-0.1676,0.0677
Procambarus clarkii (alien),local_only,l_TOP3,0.1466,0.0597
Procambarus clarkii (alien),local_only,l_TOP4,-0.1898,0.0781
Procambarus clarkii (alien),local_only,l_TOP5,0.1643,0.0731
Procambarus clarkii (alien),local_only,l_TOP6,-0.1515,0.0638
Procambarus clarkii (alien),local_only,l_TOP7,0.1581,0.0636
Procambarus clarkii (alien),local_only,l_TOP8,-0.1883,0.0816
Procambarus clarkii (alien),local_only,l_TOP9,-0.0397,0.0109
Procambarus clarkii (alien),local_only,l_TOP10,-0.1745,0.0795
Procambarus clarkii (alien),local_only,l_TOP11,-0.165,0.0709
Procambarus clarkii (alien),local_only,l_TOP12,-0.1869,0.0837
Procambarus clarkii (alien),local_only,l_TOP13,-0.0295,0.011
Procambarus clarkii (alien),local_only,l_TOP14,-0.1425,0.0721
Procambarus clarkii (alien),local_only,l_TOP15,-0.1459,0.0654
Procambarus clarkii (alien),local_only,l_TOP16,-0.1642,0.0764
Procambarus clarkii (alien),local_only,l_TOP17,-0.0079,0.0009
Procambarus clarkii (alien),local_only,l_TOP18,-0.0261,0.0521
Procambarus clarkii (alien),local_only,l_TOP19,-0.0608,0.0615
Procambarus clarkii (alien),local_only,l_TOP20,-0.0584,0.0645
Procambarus clarkii (alien),local_only,l_TOP21,-0.0152,0.0009
Procambarus clarkii (alien),local_only,l_TOP22,-0.076,0.1002
Procambarus clarkii (alien),local_only,l_TOP23,-0.0809,0.1026
Procambarus clarkii (alien),local_only,l_TOP24,-0.0815,0.1014
Procambarus clarkii (alien),local_only,l_TOP25,,0.0
Procambarus clarkii (alien),local_only,l_TOP26,0.0722,0.0418
Procambarus clarkii (alien),local_only,l_TOP27,0.0753,0.0399
Procambarus clarkii (alien),local_only,l_TOP28,0.0668,0.035
Procambarus clarkii (alien),local_only,l_TOP29,-0.1568,0.0934
Procambarus clarkii (alien),local_only,l_TOP30,-0.1567,0.0932
Procambarus clarkii (alien),local_only,l_TOP31,-0.1568,0.0933
Procambarus clarkii (alien),local_only,l_TOP32,0.0751,0.0304
Procambarus clarkii (alien),local_only,l_TOP33,,0.0
Procambarus clarkii (alien),local_only,l_TOP34,0.0756,0.0311
Procambarus clarkii (alien),local_only,l_TOP35,0.0801,0.0364
Procambarus clarkii (alien),local_only,l_TOP36,0.0751,0.0303
Procambarus clarkii (alien),local_only,l_TOP37,,0.0
Procambarus clarkii (alien),local_only,l_TOP38,0.1045,0.0598
Procambarus clarkii (alien),local_only,l_TOP39,0.1043,0.0461
Procambarus clarkii (alien),local_only,l_TOP40,0.0996,0.0431
Procambarus clarkii (alien),local_only,l_TOP41,-0.0029,0.0008
Procambarus clarkii (alien),local_only,l_TOP42,-0.1545,0.0766
Procambarus clarkii (alien),local_only,l_TOP43,-0.1619,0.0769
Procambarus clarkii (alien),local_only,l_TOP44,-0.1718,0.0786
Procambarus clarkii (alien),local_only,l_TOP45,-0.0284,0.0009
Procambarus clarkii (alien),local_only,l_TOP46,-0.2199,0.1382
Procambarus clarkii (alien),local_only,l_TOP47,-0.2227,0.1403
Procambarus clarkii (alien),local_only,l_TOP48,-0.2216,0.1388
Procambarus clarkii (alien),local_only,l_TOP49,0.0398,0.0174
Procambarus clarkii (alien),local_only,l_TOP50,-0.1381,0.0713
Procambarus clarkii (alien),local_only,l_TOP51,-0.1189,0.0574
Procambarus clarkii (alien),local_only,l_TOP52,-0.1377,0.0721
Procambarus clarkii (alien),local_only,l_TOP53,-0.3453,0.1524
Procambarus clarkii (alien),local_only,l_TOP54,-0.3442,0.1511
Procambarus clarkii (alien),local_only,l_TOP55,-0.3431,0.1502
Procambarus clarkii (alien),local_only,l_TOP56,-0.1099,0.0638
Procambarus clarkii (alien),local_only,l_TOP57,,0.0
Procambarus clarkii (alien),local_only,l_TOP58,-0.1085,0.0609
Procambarus clarkii (alien),local_only,l_TOP59,-0.0688,0.0395
Procambarus clarkii (alien),local_only,l_TOP60,-0.11,0.0639
Procambarus clarkii (alien),local_only,l_TOP61,0.0636,0.0134
Procambarus clarkii (alien),local_only,l_TOP62,0.0613,0.0129
Procambarus clarkii (alien),local_only,l_TOP63,0.0639,0.0117
Procambarus clarkii (alien),local_only,l_TOP64,0.0593,0.012
Procambarus clarkii (alien),local_only,l_TOP65,-0.0383,0.0141
Procambarus clarkii (alien),local_only,l_TOP66,-0.0371,0.019
Procambarus clarkii (alien),local_only,l_TOP67,-0.0397,0.0194
Procambarus clarkii (alien),local_only,l_TOP68,-0.0267,0.0179
Procambarus clarkii (alien),local_only,l_TOP69,-0.0001,0.0152
Procambarus clarkii (alien),local_only,l_TOP70,0.0613,0.0169
Procambarus clarkii (alien),local_only,l_TOP71,0.063,0.0143
Procambarus clarkii (alien),local_only,l_TOP72,0.0632,0.0143
Procambarus clarkii (alien),local_only,l_TOP73,-0.0361,0.0127
Procambarus clarkii (alien),local_only,l_TOP74,-0.0286,0.0156
Procambarus clarkii (alien),local_only,l_TOP75,-0.0341,0.0135
Procambarus clarkii (alien),local_only,l_TOP76,-0.0195,0.0134
Procambarus clarkii (alien),local_only,l_TOP77,,0.0
Procambarus clarkii (alien),local_only,l_TOP78,-0.0191,0.0118
Procambarus clarkii (alien),local_only,l_TOP79,-0.0127,0.0112
Procambarus clarkii (alien),local_only,l_TOP80,-0.021,0.0129
Procambarus clarkii (alien),local_only,l_TOP81,,0.0
Procambarus clarkii (alien),local_only,l_TOP82,-0.0191,0.0118
Procambarus clarkii (alien),local_only,l_TOP83,-0.0239,0.0141
Procambarus clarkii (alien),local_only,l_TOP84,-0.0211,0.013
Procambarus clarkii (alien),local_only,l_TOP85,-0.0106,0.0041
Procambarus clarkii (alien),local_only,l_TOP86,0.0602,0.0125
Procambarus clarkii (alien),local_only,l_TOP87,0.0644,0.0127
Procambarus clarkii (alien),local_only,l_TOP88,0.0634,0.0161
Procambarus clarkii (alien),local_only,l_TOP89,-0.0367,0.0098
Procambarus clarkii (alien),local_only,l_TOP90,-0.0375,0.0219
Procambarus clarkii (alien),local_only,l_TOP91,-0.0483,0.02
Procambarus clarkii (alien),local_only,l_TOP92,-0.033,0.0226
Procambarus clarkii (alien),local_only,l_TOP93,-0.0892,0.1318
Procambarus clarkii (alien),local_only,l_TOP94,0.054,0.0236
Procambarus clarkii (alien),local_only,l_TOP95,0.0518,0.0214
Procambarus clarkii (alien),local_only,l_TOP96,0.0528,0.0227
Procambarus clarkii (alien),local_only,l_TOP97,-0.1309,0.1427
Procambarus clarkii (alien),local_only,l_TOP98,0.054,0.0236
Procambarus clarkii (alien),local_only,l_TOP99,0.0481,0.0199
Procambarus clarkii (alien),local_only,l_TOP100,0.0548,0.0231
Procambarus clarkii (alien),local_only,l_TOP101,-0.1928,0.1739
Procambarus clarkii (alien),local_only,l_TOP102,-0.2192,0.2335
Procambarus clarkii (alien),local_only,l_TOP103,-0.205,0.0833
Procambarus clarkii (alien),local_only,l_TOP104,0.0434,0.0887
Procambarus clarkii (alien),local_only,l_TOP105,-0.2155,0.0982
Procambarus clarkii (alien),local_only,l_TOP106,-0.198,0.0932
Procambarus clarkii (alien),local_only,l_TOP107,0.1184,0.0577
Procambarus clarkii (alien),local_only,l_TOP133,-0.0122,0.0581
Procambarus clarkii (alien),local_only,l_TOP134,-0.0489,0.1112
Procambarus clarkii (alien),local_only,l_TOP135,-0.0434,0.1158
Procambarus clarkii (alien),local_only,l_TOP136,-0.0484,0.1121
Procambarus clarkii (alien),local_only,l_TOP137,-0.0966,0.0735
Procambarus clarkii (alien),local_only,l_TOP138,-0.0889,0.1042
Procambarus clarkii (alien),local_only,l_TOP139,-0.1291,0.11
Procambarus clarkii (alien),local_only,l_TOP140,-0.0954,0.1104
Procambarus clarkii (alien),local_only,l_TOP141,0.082,0.0618
Procambarus clarkii (alien),local_only,l_TOP142,-0.193,0.0964
Procambarus clarkii (alien),local_only,l_TOP143,-0.1014,0.0703
Procambarus clarkii (alien),local_only,l_TOP144,-0.2269,0.1026
Procambarus clarkii (alien),upstream_only,u_CLI3,-0.4474,0.2277
Procambarus clarkii (alien),upstream_only,u_CLI7,-0.2129,0.1641
Procambarus clarkii (alien),upstream_only,u_CLI11,-0.3586,0.1728
Procambarus clarkii (alien),upstream_only,u_CLI15,0.2767,0.0978
Procambarus clarkii (alien),upstream_only,u_CLI19,-0.2201,0.1416
Procambarus clarkii (alien),upstream_only,u_CLI23,-0.3974,0.1379
Procambarus clarkii (alien),upstream_only,u_CLI27,0.134,0.0842
Procambarus clarkii (alien),upstream_only,u_CLI31,-0.0904,0.0768
Procambarus clarkii (alien),upstream_only,u_CLI35,-0.3411,0.1501
Procambarus clarkii (alien),upstream_only,u_CLI39,-0.222,0.1252
Procambarus clarkii (alien),upstream_only,u_CLI43,-0.4957,0.1887
Procambarus clarkii (alien),upstream_only,u_CLI47,0.1244,0.1571
Procambarus clarkii (alien),upstream_only,u_CLI51,-0.1068,0.0746
Procambarus clarkii (alien),upstream_only,u_CLI55,0.3282,0.1828
Procambarus clarkii (alien),upstream_only,u_CLI59,-0.4295,0.2178
Procambarus clarkii (alien),upstream_only,u_CLI63,-0.051,0.0483
Procambarus clarkii (alien),upstream_only,u_CLI67,0.3136,0.178
Procambarus clarkii (alien),upstream_only,u_CLI71,0.0416,0.1335
Procambarus clarkii (alien),upstream_only,u_CLI75,0.1171,0.0756
Procambarus clarkii (alien),upstream_only,u_TOP126,-0.024,0.0432
Procambarus clarkii (alien),upstream_only,u_TOP130,-0.0162,0.05
Procambarus clarkii (alien),upstream_only,u_LAC1,0.0889,0.0372
Procambarus clarkii (alien),upstream_only,u_LAC2,-0.0831,0.0934
Procambarus clarkii (alien),upstream_only,u_LAC3,-0.086,0.0331
Procambarus clarkii (alien),upstream_only,u_LAC4,-0.0346,0.0684
Procambarus clarkii (alien),upstream_only,u_LAC5,-0.1387,0.0403
Procambarus clarkii (alien),upstream_only,u_LAC6,0.13,0.0604
Procambarus clarkii (alien),upstream_only,u_LAC7,-0.0409,0.0623
Procambarus clarkii (alien),upstream_only,u_LAC8,-0.0085,0.0262
Procambarus clarkii (alien),upstream_only,u_LAC9,0.0808,0.0359
Procambarus clarkii (alien),upstream_only,u_LAC10,-0.0753,0.0417
Procambarus clarkii (alien),upstream_only,u_LAC11,0.0445,0.0182
Procambarus clarkii (alien),upstream_only,u_LAC12,-0.2443,0.1641
Procambarus clarkii (alien),upstream_only,u_LAC13,0.0927,0.0509
Procambarus clarkii (alien),upstream_only,u_LAC14,0.0183,0.0002
Procambarus clarkii (alien),upstream_only,u_LAC15,-0.0246,0.0347
Procambarus clarkii (alien),upstream_only,u_LAC16,-0.0425,0.0036
Procambarus clarkii (alien),upstream_only,u_LAC17,-0.0137,0.0081
Procambarus clarkii (alien),upstream_only,u_LAC18,0.0192,0.014
Procambarus clarkii (alien),upstream_only,u_LAC19,0.0773,0.0618
Procambarus clarkii (alien),upstream_only,u_LAC20,-0.0173,0.044
Procambarus clarkii (alien),upstream_only,u_LAC21,0.0395,0.0274
Procambarus clarkii (alien),upstream_only,u_LAC22,0.034,0.0031
Procambarus clarkii (alien),upstream_only,u_SOL3,-0.1745,0.0529
Procambarus clarkii (alien),upstream_only,u_SOL11,-0.2571,0.1374
Procambarus clarkii (alien),upstream_only,u_SOL15,-0.0391,0.0477
Procambarus clarkii (alien),upstream_only,u_SOL19,0.2766,0.1745
Procambarus clarkii (alien),upstream_only,u_SOL7,-0.0892,0.0459
Procambarus clarkii (alien),upstream_only,u_SOL39,0.0634,0.056
Procambarus clarkii (alien),upstream_only,u_SOL43,-0.2125,0.1158
Procambarus clarkii (alien),upstream_only,u_SOL27,0.0968,0.0414
Procambarus clarkii (alien),upstream_only,u_SOL31,-0.1253,0.068
Procambarus clarkii (alien),upstream_only,u_SOL23,-0.2753,0.1472
Procambarus clarkii (alien),upstream_only,u_SOL47,0.1916,0.1116
Procambarus clarkii (alien),upstream_only,u_SOL55,0.2791,0.1834
Procambarus clarkii (alien),upstream_only,u_SOL59,-0.2304,0.0926
Procambarus clarkii (alien),upstream_only,u_SOL35,0.1151,0.0843
Procambarus clarkii (alien),upstream_only,u_SOL51,-0.0525,0.0205
Procambarus clarkii (alien),upstream_only,u_TOP105,-0.2155,0.0982
Procambarus clarkii (alien),upstream_only,u_TOP110,-0.0099,0.0793
Procambarus clarkii (alien),upstream_only,u_TOP111,-0.0562,0.1083
Procambarus clarkii (alien),upstream_only,u_TOP112,0.1829,0.0948
Procambarus clarkii (alien),upstream_only,u_TOP113,-0.0369,0.0943
Procambarus clarkii (alien),upstream_only,u_TOP114,-0.1479,0.0963
Procambarus clarkii (alien),upstream_only,u_TOP117,-0.2064,0.1298
Procambarus clarkii (alien),upstream_only,u_TOP119,-0.219,0.1242
Procambarus clarkii (alien),upstream_only,u_TOP122,-0.3649,0.1752
Procambarus clarkii (alien),upstream_only,u_TOP3,0.2282,0.1227
Procambarus clarkii (alien),upstream_only,u_TOP7,0.2244,0.1222
Procambarus clarkii (alien),upstream_only,u_TOP11,0.1026,0.126
Procambarus clarkii (alien),upstream_only,u_TOP15,-0.2063,0.1216
Procambarus clarkii (alien),upstream_only,u_TOP19,-0.188,0.1259
Procambarus clarkii (alien),upstream_only,u_TOP23,-0.1043,0.103
Procambarus clarkii (alien),upstream_only,u_TOP27,0.0874,0.0329
Procambarus clarkii (alien),upstream_only,u_TOP31,-0.1462,0.0953
Procambarus clarkii (alien),upstream_only,u_TOP35,0.0369,0.0613
Procambarus clarkii (alien),upstream_only,u_TOP39,-0.0665,0.0463
Procambarus clarkii (alien),upstream_only,u_TOP43,-0.1795,0.1301
Procambarus clarkii (alien),upstream_only,u_TOP47,-0.2783,0.1489
Procambarus clarkii (alien),upstream_only,u_TOP51,-0.2088,0.1177
Procambarus clarkii (alien),upstream_only,u_TOP55,-0.3606,0.1704
Procambarus clarkii (alien),upstream_only,u_TOP59,-0.2123,0.1265
Procambarus clarkii (alien),upstream_only,u_TOP63,0.0499,0.1143
Procambarus clarkii (alien),upstream_only,u_TOP67,-0.2181,0.1231
Procambarus clarkii (alien),upstream_only,u_TOP71,0.0476,0.1198
Procambarus clarkii (alien),upstream_only,u_TOP75,-0.2267,0.1241
Procambarus clarkii (alien),upstream_only,u_TOP79,-0.0956,0.133
Procambarus clarkii (alien),upstream_only,u_TOP83,-0.095,0.1395
Procambarus clarkii (alien),upstream_only,u_TOP87,0.0471,0.1269
Procambarus clarkii (alien),upstream_only,u_TOP91,-0.2509,0.132
Procambarus clarkii (alien),upstream_only,u_TOP95,0.0066,0.0851
Procambarus clarkii (alien),upstream_only,u_TOP99,0.0075,0.0835
Procambarus clarkii (alien),upstream_only,u_TOP103,-0.2862,0.1612
Procambarus clarkii (alien),upstream_only,u_TOP135,-0.0362,0.1197
Procambarus clarkii (alien),upstream_only,u_TOP139,-0.228,0.1278
Procambarus clarkii (alien),upstream_only,u_TOP143,0.1292,0.0774
Pacifastacus leniusculus (alien),local_only,l_CLI1,0.0961,0.2421
Pacifastacus leniusculus (alien),local_only,l_CLI2,0.1491,0.2551
Pacifastacus leniusculus (alien),local_only,l_CLI3,0.1214,0.2526
Pacifastacus leniusculus (alien),local_only,l_CLI4,0.2862,0.1616
Pacifastacus leniusculus (alien),local_only,l_CLI5,0.3996,0.2992
Pacifastacus leniusculus (alien),local_only,l_CLI6,0.3998,0.3003
Pacifastacus leniusculus (alien),local_only,l_CLI7,0.4004,0.3016
Pacifastacus leniusculus (alien),local_only,l_CLI8,-0.024,0.0235
Pacifastacus leniusculus (alien),local_only,l_CLI9,0.1898,0.3179
Pacifastacus leniusculus (alien),local_only,l_CLI10,0.2065,0.3033
Pacifastacus leniusculus (alien),local_only,l_CLI11,0.1998,0.3095
Pacifastacus leniusculus (alien),local_only,l_CLI12,0.4121,0.1623
Pacifastacus leniusculus (alien),local_only,l_CLI13,0.0561,0.3698
Pacifastacus leniusculus (alien),local_only,l_CLI14,0.0826,0.3798
Pacifastacus leniusculus (alien),local_only,l_CLI15,0.0671,0.3741
Pacifastacus leniusculus (alien),local_only,l_CLI16,0.4887,0.1909
Pacifastacus leniusculus (alien),local_only,l_CLI17,-0.0284,0.2316
Pacifastacus leniusculus (alien),local_only,l_CLI18,0.0469,0.2769
Pacifastacus leniusculus (alien),local_only,l_CLI19,0.0052,0.2527
Pacifastacus leniusculus (alien),local_only,l_CLI20,0.3287,0.1662
Pacifastacus leniusculus (alien),local_only,l_CLI21,-0.0315,0.3567
Pacifastacus leniusculus (alien),local_only,l_CLI22,-0.0111,0.3685
Pacifastacus leniusculus (alien),local_only,l_CLI23,-0.021,0.3664
Pacifastacus leniusculus (alien),local_only,l_CLI24,0.1894,0.1114
Pacifastacus leniusculus (alien),local_only,l_CLI25,0.0164,0.2165
Pacifastacus leniusculus (alien),local_only,l_CLI26,0.0406,0.2221
Pacifastacus leniusculus (alien),local_only,l_CLI27,0.0262,0.2185
Pacifastacus leniusculus (alien),local_only,l_CLI28,0.4523,0.1721
Pacifastacus leniusculus (alien),local_only,l_CLI29,0.5264,0.4217
Pacifastacus leniusculus (alien),local_only,l_CLI30,0.5518,0.4615
Pacifastacus leniusculus (alien),local_only,l_CLI31,0.5402,0.4453
Pacifastacus leniusculus (alien),local_only,l_CLI32,0.1575,0.176
Pacifastacus leniusculus (alien),local_only,l_CLI33,-0.6387,0.3654
Pacifastacus leniusculus (alien),local_only,l_CLI34,-0.6149,0.361
Pacifastacus leniusculus (alien),local_only,l_CLI35,-0.6275,0.3651
Pacifastacus leniusculus (alien),local_only,l_CLI36,0.1238,0.1308
Pacifastacus leniusculus (alien),local_only,l_CLI37,0.0603,0.2367
Pacifastacus leniusculus (alien),local_only,l_CLI38,0.1502,0.2736
Pacifastacus leniusculus (alien),local_only,l_CLI39,0.1021,0.2578
Pacifastacus leniusculus (alien),local_only,l_CLI40,0.326,0.173
Pacifastacus leniusculus (alien),local_only,l_CLI41,-0.0173,0.3837
Pacifastacus leniusculus (alien),local_only,l_CLI42,0.0066,0.3977
Pacifastacus leniusculus (alien),local_only,l_CLI43,-0.0056,0.3982
Pacifastacus leniusculus (alien),local_only,l_CLI44,0.2031,0.1355
Pacifastacus leniusculus (alien),local_only,l_CLI45,0.0898,0.1282
Pacifastacus leniusculus (alien),local_only,l_CLI46,0.1222,0.1356
Pacifastacus leniusculus (alien),local_only,l_CLI47,0.1053,0.135
Pacifastacus leniusculus (alien),local_only,l_CLI48,0.3291,0.1683
Pacifastacus leniusculus (alien),local_only,l_CLI49,0.0238,0.101
Pacifastacus leniusculus (alien),local_only,l_CLI50,0.0555,0.0916
Pacifastacus leniusculus (alien),local_only,l_CLI51,0.0387,0.0968
Pacifastacus leniusculus (alien),local_only,l_CLI52,0.3033,0.1657
Pacifastacus leniusculus (alien),local_only,l_CLI53,0.1837,0.232
Pacifastacus leniusculus (alien),local_only,l_CLI54,0.2103,0.2326
Pacifastacus leniusculus (alien),local_only,l_CLI55,0.1964,0.2308
Pacifastacus leniusculus (alien),local_only,l_CLI56,0.3695,0.1866
Pacifastacus leniusculus (alien),local_only,l_CLI57,-0.3037,0.1853
Pacifastacus leniusculus (alien),local_only,l_CLI58,-0.2981,0.1824
Pacifastacus leniusculus (alien),local_only,l_CLI59,-0.3008,0.1841
Pacifastacus leniusculus (alien),local_only,l_CLI60,0.2819,0.1243
Pacifastacus leniusculus (alien),local_only,l_CLI61,0.0713,0.0883
Pacifastacus leniusculus (alien),local_only,l_CLI62,0.1016,0.0729
Pacifastacus leniusculus (alien),local_only,l_CLI63,0.0856,0.082
Pacifastacus leniusculus (alien),local_only,l_CLI64,0.3089,0.1685
Pacifastacus leniusculus (alien),local_only,l_CLI65,0.2231,0.2406
Pacifastacus leniusculus (alien),local_only,l_CLI66,0.2507,0.2442
Pacifastacus leniusculus (alien),local_only,l_CLI67,0.2363,0.2434
Pacifastacus leniusculus (alien),local_only,l_CLI68,0.3808,0.1887
Pacifastacus leniusculus (alien),local_only,l_CLI69,0.5818,0.2502
Pacifastacus leniusculus (alien),local_only,l_CLI70,0.6021,0.2607
Pacifastacus leniusculus (alien),local_only,l_CLI71,0.5922,0.2525
Pacifastacus leniusculus (alien),local_only,l_CLI72,0.396,0.2175
Pacifastacus leniusculus (alien),local_only,l_CLI73,-0.1469,0.1467
Pacifastacus leniusculus (alien),local_only,l_CLI74,-0.1206,0.1386
Pacifastacus leniusculus (alien),local_only,l_CLI75,-0.1344,0.1416
Pacifastacus leniusculus (alien),local_only,l_CLI76,0.2765,0.1505
Pacifastacus leniusculus (alien),local_only,l_TOP124,-0.0078,0.1935
Pacifastacus leniusculus (alien),local_only,l_TOP125,0.088,0.238
Pacifastacus leniusculus (alien),local_only,l_TOP126,0.0624,0.264
Pacifastacus leniusculus (alien),local_only,l_TOP127,0.087,0.1568
Pacifastacus leniusculus (alien),local_only,l_TOP128,-0.0224,0.1902
Pacifastacus leniusculus (alien),local_only,l_TOP129,0.0765,0.2562
Pacifastacus leniusculus (alien),local_only,l_TOP130,0.0503,0.2776
Pacifastacus leniusculus (alien),local_only,l_TOP131,0.0771,0.1695
Pacifastacus leniusculus (alien),local_only,l_LAC1,0.3132,0.1628
Pacifastacus leniusculus (alien),local_only,l_LAC2,-0.1134,0.0111
Pacifastacus leniusculus (alien),local_only,l_LAC3,0.0005,0.057
Pacifastacus leniusculus (alien),local_only,l_LAC4,-0.0721,0.0184
Pacifastacus leniusculus (alien),local_only,l_LAC5,,0.0
Pacifastacus leniusculus (alien),local_only,l_LAC6,-0.0496,0.0265
Pacifastacus leniusculus (alien),local_only,l_LAC7,-0.037,0.0477
Pacifastacus leniusculus (alien),local_only,l_LAC8,-0.0299,0.0005
Pacifastacus leniusculus (alien),local_only,l_LAC9,0.0728,0.0272
Pacifastacus leniusculus (alien),local_only,l_LAC10,-0.0778,0.0311
Pacifastacus leniusculus (alien),local_only,l_LAC11,-0.0179,0.0041
Pacifastacus leniusculus (alien),local_only,l_LAC12,-0.0857,0.0067
Pacifastacus leniusculus (alien),local_only,l_LAC13,-0.1821,0.0789
Pacifastacus leniusculus (alien),local_only,l_LAC14,,0.0
Pacifastacus leniusculus (alien),local_only,l_LAC15,-0.0896,0.0091
Pacifastacus leniusculus (alien),local_only,l_LAC16,-0.0251,0.0007
Pacifastacus leniusculus (alien),local_only,l_LAC17,,0.0
Pacifastacus leniusculus (alien),local_only,l_LAC18,0.0052,0.0043
Pacifastacus leniusculus (alien),local_only,l_LAC19,0.2882,0.1389
Pacifastacus leniusculus (alien),local_only,l_LAC20,-0.0649,0.0053
Pacifastacus leniusculus (alien),local_only,l_LAC21,-0.3686,0.1299
Pacifastacus leniusculus (alien),local_only,l_LAC22,,0.0
Pacifastacus leniusculus (alien),local_only,l_SOL1,-0.8009,0.34
Pacifastacus leniusculus (alien),local_only,l_SOL2,-0.6157,0.2806
Pacifastacus leniusculus (alien),local_only,l_SOL3,-0.7452,0.3478
Pacifastacus leniusculus (alien),local_only,l_SOL4,0.0768,0.072
Pacifastacus leniusculus (alien),local_only,l_SOL9,-0.1635,0.1405
Pacifastacus leniusculus (alien),local_only,l_SOL10,-0.1546,0.1247
Pacifastacus leniusculus (alien),local_only,l_SOL11,-0.1533,0.1401
Pacifastacus leniusculus (alien),local_only,l_SOL12,-0.0573,0.0447
Pacifastacus leniusculus (alien),local_only,l_SOL13,-0.0567,0.068
Pacifastacus leniusculus (alien),local_only,l_SOL14,0.0112,0.0607
Pacifastacus leniusculus (alien),local_only,l_SOL15,-0.0297,0.0661
Pacifastacus leniusculus (alien),local_only,l_SOL16,0.0977,0.0819
Pacifastacus leniusculus (alien),local_only,l_SOL17,0.133,0.179
Pacifastacus leniusculus (alien),local_only,l_SOL18,0.2027,0.1867
Pacifastacus leniusculus (alien),local_only,l_SOL19,0.1749,0.1951
Pacifastacus leniusculus (alien),local_only,l_SOL20,0.1213,0.086
Pacifastacus leniusculus (alien),local_only,l_SOL5,-0.2012,0.0625
Pacifastacus leniusculus (alien),local_only,l_SOL6,-0.2356,0.0702
Pacifastacus leniusculus (alien),local_only,l_SOL7,-0.2141,0.0752
Pacifastacus leniusculus (alien),local_only,l_SOL8,-0.0218,0.0501
Pacifastacus leniusculus (alien),local_only,l_SOL37,-0.5701,0.2148
Pacifastacus leniusculus (alien),local_only,l_SOL38,-0.3992,0.1811
Pacifastacus leniusculus (alien),local_only,l_SOL39,-0.5315,0.1874
Pacifastacus leniusculus (alien),local_only,l_SOL40,-0.17,0.1223
Pacifastacus leniusculus (alien),local_only,l_SOL41,-0.0074,0.0733
Pacifastacus leniusculus (alien),local_only,l_SOL42,0.1468,0.1493
Pacifastacus leniusculus (alien),local_only,l_SOL43,0.0743,0.1214
Pacifastacus leniusculus (alien),local_only,l_SOL44,0.3607,0.1689
Pacifastacus leniusculus (alien),local_only,l_SOL25,0.5446,0.2044
Pacifastacus leniusculus (alien),local_only,l_SOL26,0.7333,0.3017
Pacifastacus leniusculus (alien),local_only,l_SOL27,0.6506,0.2665
Pacifastacus leniusculus (alien),local_only,l_SOL28,0.0228,0.0615
Pacifastacus leniusculus (alien),local_only,l_SOL29,-0.1122,0.0423
Pacifastacus leniusculus (alien),local_only,l_SOL30,-0.0927,0.0428
Pacifastacus leniusculus (alien),local_only,l_SOL31,-0.11,0.063
Pacifastacus leniusculus (alien),local_only,l_SOL32,-0.0515,0.057
Pacifastacus leniusculus (alien),local_only,l_SOL21,-0.0524,0.1204
Pacifastacus leniusculus (alien),local_only,l_SOL22,0.0077,0.0939
Pacifastacus leniusculus (alien),local_only,l_SOL23,-0.0171,0.114
Pacifastacus leniusculus (alien),local_only,l_SOL24,0.0605,0.0536
Pacifastacus leniusculus (alien),local_only,l_SOL45,-0.205,0.1353
Pacifastacus leniusculus (alien),local_only,l_SOL46,-0.0777,0.0822
Pacifastacus leniusculus (alien),local_only,l_SOL47,-0.1444,0.1316
Pacifastacus leniusculus (alien),local_only,l_SOL48,0.1088,0.0575
Pacifastacus leniusculus (alien),local_only,l_SOL53,0.1181,0.0633
Pacifastacus leniusculus (alien),local_only,l_SOL54,0.1012,0.0222
Pacifastacus leniusculus (alien),local_only,l_SOL55,0.1156,0.0687
Pacifastacus leniusculus (alien),local_only,l_SOL56,-0.1113,0.0627
Pacifastacus leniusculus (alien),local_only,l_SOL57,-0.4242,0.1827
Pacifastacus leniusculus (alien),local_only,l_SOL58,-0.2488,0.0991
Pacifastacus leniusculus (alien),local_only,l_SOL59,-0.3401,0.144
Pacifastacus leniusculus (alien),local_only,l_SOL60,0.1302,0.0625
Pacifastacus leniusculus (alien),local_only,l_SOL33,-0.3913,0.1707
Pacifastacus leniusculus (alien),local_only,l_SOL34,-0.2039,0.1468
Pacifastacus leniusculus (alien),local_only,l_SOL35,-0.3206,0.1682
Pacifastacus leniusculus (alien),local_only,l_SOL36,0.0943,0.0653
Pacifastacus leniusculus (alien),local_only,l_SOL49,,0.0
Pacifastacus leniusculus (alien),local_only,l_SOL50,,0.0
Pacifastacus leniusculus (alien),local_only,l_SOL51,,0.0
Pacifastacus leniusculus (alien),local_only,l_SOL52,,0.0
Pacifastacus leniusculus (alien),local_only,l_TOP108,-0.0772,0.4179
Pacifastacus leniusculus (alien),local_only,l_TOP109,1.0807,0.4912
Pacifastacus leniusculus (alien),local_only,l_TOP110,0.2879,0.14
Pacifastacus leniusculus (alien),local_only,l_TOP111,0.2233,0.1207
Pacifastacus leniusculus (alien),local_only,l_TOP112,0.4689,0.2715
Pacifastacus leniusculus (alien),local_only,l_TOP113,-0.2446,0.3947
Pacifastacus leniusculus (alien),local_only,l_TOP132,-0.0699,0.4174
Pacifastacus leniusculus (alien),local_only,l_TOP114,1.0723,0.4935
Pacifastacus leniusculus (alien),local_only,l_TOP115,0.365,0.2762
Pacifastacus leniusculus (alien),local_only,l_TOP116,0.2978,0.2552
Pacifastacus leniusculus (alien),local_only,l_TOP117,0.4189,0.2998
Pacifastacus leniusculus (alien),local_only,l_TOP118,0.3157,0.2081
Pacifastacus leniusculus (alien),local_only,l_TOP119,0.4661,0.2759
Pacifastacus leniusculus (alien),local_only,l_TOP120,0.2978,0.2552
Pacifastacus leniusculus (alien),local_only,l_TOP121,0.3342,0.2592
Pacifastacus leniusculus (alien),local_only,l_TOP122,0.3347,0.2685
Pacifastacus leniusculus (alien),local_only,l_TOP123,0.2004,0.095
Pacifastacus leniusculus (alien),local_only,l_TOP1,0.0186,0.0354
Pacifastacus leniusculus (alien),local_only,l_TOP2,-0.073,0.048
Pacifastacus leniusculus (alien),local_only,l_TOP3,-0.0733,0.0508
Pacifastacus leniusculus (alien),local_only,l_TOP4,-0.1181,0.0542
Pacifastacus leniusculus (alien),local_only,l_TOP5,0.0193,0.0354
Pacifastacus leniusculus (alien),local_only,l_TOP6,-0.0436,0.0389
Pacifastacus leniusculus (alien),local_only,l_TOP7,-0.0171,0.0373
Pacifastacus leniusculus (alien),local_only,l_TOP8,-0.094,0.0473
Pacifastacus leniusculus (alien),local_only,l_TOP9,0.1226,0.0808
Pacifastacus leniusculus (alien),local_only,l_TOP10,-0.0251,0.0467
Pacifastacus leniusculus (alien),local_only,l_TOP11,0.0154,0.0418
Pacifastacus leniusculus (alien),local_only,l_TOP12,-0.1282,0.0662
Pacifastacus leniusculus (alien),local_only,l_TOP13,0.1372,0.1457
Pacifastacus leniusculus (alien),local_only,l_TOP14,0.0439,0.0358
Pacifastacus leniusculus (alien),local_only,l_TOP15,0.0663,0.0548
Pacifastacus leniusculus (alien),local_only,l_TOP16,-0.0901,0.0582
Pacifastacus leniusculus (alien),local_only,l_TOP17,-0.0661,0.0024
Pacifastacus leniusculus (alien),local_only,l_TOP18,-0.0331,0.1343
Pacifastacus leniusculus (alien),local_only,l_TOP19,-0.0888,0.1086
Pacifastacus leniusculus (alien),local_only,l_TOP20,-0.0689,0.1003
Pacifastacus leniusculus (alien),local_only,l_TOP21,-0.0394,0.0024
Pacifastacus leniusculus (alien),local_only,l_TOP22,-0.245,0.3951
Pacifastacus leniusculus (alien),local_only,l_TOP23,-0.2409,0.4023
Pacifastacus leniusculus (alien),local_only,l_TOP24,-0.2471,0.397
Pacifastacus leniusculus (alien),local_only,l_TOP25,,0.0
Pacifastacus leniusculus (alien),local_only,l_TOP26,0.0823,0.0944
Pacifastacus leniusculus (alien),local_only,l_TOP27,0.0728,0.0882
Pacifastacus leniusculus (alien),local_only,l_TOP28,0.0365,0.0732
Pacifastacus leniusculus (alien),local_only,l_TOP29,1.072,0.4942
Pacifastacus leniusculus (alien),local_only,l_TOP30,1.0723,0.4937
Pacifastacus leniusculus (alien),local_only,l_TOP31,1.0722,0.494
Pacifastacus leniusculus (alien),local_only,l_TOP32,0.345,0.1578
Pacifastacus leniusculus (alien),local_only,l_TOP33,,0.0
Pacifastacus leniusculus (alien),local_only,l_TOP34,0.3115,0.1444
Pacifastacus leniusculus (alien),local_only,l_TOP35,0.3379,0.1573
Pacifastacus leniusculus (alien),local_only,l_TOP36,0.3449,0.1576
Pacifastacus leniusculus (alien),local_only,l_TOP37,,0.0
Pacifastacus leniusculus (alien),local_only,l_TOP38,0.2572,0.1269
Pacifastacus leniusculus (alien),local_only,l_TOP39,0.2583,0.1446
Pacifastacus leniusculus (alien),local_only,l_TOP40,0.2222,0.1182
Pacifastacus leniusculus (alien),local_only,l_TOP41,-0.0491,0.0022
Pacifastacus leniusculus (alien),local_only,l_TOP42,-0.007,0.0439
Pacifastacus leniusculus (alien),local_only,l_TOP43,-0.0683,0.0621
Pacifastacus leniusculus (alien),local_only,l_TOP44,-0.0721,0.0564
Pacifastacus leniusculus (alien),local_only,l_TOP45,-0.0506,0.0024
Pacifastacus leniusculus (alien),local_only,l_TOP46,-0.1214,0.1406
Pacifastacus leniusculus (alien),local_only,l_TOP47,-0.1958,0.1773
Pacifastacus leniusculus (alien),local_only,l_TOP48,-0.1693,0.1731
Pacifastacus leniusculus (alien),local_only,l_TOP49,-0.2306,0.1612
Pacifastacus leniusculus (alien),local_only,l_TOP50,0.0582,0.0424
Pacifastacus leniusculus (alien),local_only,l_TOP51,0.0433,0.0352
Pacifastacus leniusculus (alien),local_only,l_TOP52,0.0285,0.055
Pacifastacus leniusculus (alien),local_only,l_TOP53,0.3019,0.2553
Pacifastacus leniusculus (alien),local_only,l_TOP54,0.3378,0.2591
Pacifastacus leniusculus (alien),local_only,l_TOP55,0.3386,0.2686
Pacifastacus leniusculus (alien),local_only,l_TOP56,0.2003,0.0962
Pacifastacus leniusculus (alien),local_only,l_TOP57,,0.0
Pacifastacus leniusculus (alien),local_only,l_TOP58,0.2421,0.1124
Pacifastacus leniusculus (alien),local_only,l_TOP59,0.3342,0.1702
Pacifastacus leniusculus (alien),local_only,l_TOP60,0.2003,0.0943
Pacifastacus leniusculus (alien),local_only,l_TOP61,0.0615,0.2232
Pacifastacus leniusculus (alien),local_only,l_TOP62,0.0545,0.2543
Pacifastacus leniusculus (alien),local_only,l_TOP63,0.0611,0.2619
Pacifastacus leniusculus (alien),local_only,l_TOP64,0.0511,0.2142
Pacifastacus leniusculus (alien),local_only,l_TOP65,0.2938,0.2694
Pacifastacus leniusculus (alien),local_only,l_TOP66,0.4366,0.2821
Pacifastacus leniusculus (alien),local_only,l_TOP67,0.3918,0.293
Pacifastacus leniusculus (alien),local_only,l_TOP68,0.4185,0.2509
Pacifastacus leniusculus (alien),local_only,l_TOP69,0.2619,0.2024
Pacifastacus leniusculus (alien),local_only,l_TOP70,0.0633,0.251
Pacifastacus leniusculus (alien),local_only,l_TOP71,0.0705,0.2757
Pacifastacus leniusculus (alien),local_only,l_TOP72,0.0702,0.226
Pacifastacus leniusculus (alien),local_only,l_TOP73,0.2876,0.2578
Pacifastacus leniusculus (alien),local_only,l_TOP74,0.5112,0.2744
Pacifastacus leniusculus (alien),local_only,l_TOP75,0.4617,0.2844
Pacifastacus leniusculus (alien),local_only,l_TOP76,0.4648,0.232
Pacifastacus leniusculus (alien),local_only,l_TOP77,,0.0
Pacifastacus leniusculus (alien),local_only,l_TOP78,0.3994,0.2963
Pacifastacus leniusculus (alien),local_only,l_TOP79,0.403,0.289
Pacifastacus leniusculus (alien),local_only,l_TOP80,0.4061,0.296
Pacifastacus leniusculus (alien),local_only,l_TOP81,,0.0
Pacifastacus leniusculus (alien),local_only,l_TOP82,0.3994,0.2963
Pacifastacus leniusculus (alien),local_only,l_TOP83,0.3696,0.3047
Pacifastacus leniusculus (alien),local_only,l_TOP84,0.4061,0.2974
Pacifastacus leniusculus (alien),local_only,l_TOP85,0.2437,0.154
Pacifastacus leniusculus (alien),local_only,l_TOP86,0.055,0.2464
Pacifastacus leniusculus (alien),local_only,l_TOP87,0.066,0.2749
Pacifastacus leniusculus (alien),local_only,l_TOP88,0.0621,0.2303
Pacifastacus leniusculus (alien),local_only,l_TOP89,0.1429,0.1599
Pacifastacus leniusculus (alien),local_only,l_TOP90,0.4337,0.2568
Pacifastacus leniusculus (alien),local_only,l_TOP91,0.3817,0.2825
Pacifastacus leniusculus (alien),local_only,l_TOP92,0.4188,0.2414
Pacifastacus leniusculus (alien),local_only,l_TOP93,0.181,0.2157
Pacifastacus leniusculus (alien),local_only,l_TOP94,0.2884,0.139
Pacifastacus leniusculus (alien),local_only,l_TOP95,0.3002,0.145
Pacifastacus leniusculus (alien),local_only,l_TOP96,0.2877,0.1406
Pacifastacus leniusculus (alien),local_only,l_TOP97,-0.0361,0.1496
Pacifastacus leniusculus (alien),local_only,l_TOP98,0.2884,0.139
Pacifastacus leniusculus (alien),local_only,l_TOP99,0.282,0.1432
Pacifastacus leniusculus (alien),local_only,l_TOP100,0.295,0.139
Pacifastacus leniusculus (alien),local_only,l_TOP101,0.0117,0.2171
Pacifastacus leniusculus (alien),local_only,l_TOP102,0.1683,0.273
Pacifastacus leniusculus (alien),local_only,l_TOP103,0.0895,0.0761
Pacifastacus leniusculus (alien),local_only,l_TOP104,0.0699,0.0935
Pacifastacus leniusculus (alien),local_only,l_TOP105,-0.851,0.4098
Pacifastacus leniusculus (alien),local_only,l_TOP106,-0.7676,0.3564
Pacifastacus leniusculus (alien),local_only,l_TOP107,0.4875,0.2235
Pacifastacus leniusculus (alien),local_only,l_TOP133,-0.0333,0.077
Pacifastacus leniusculus (alien),local_only,l_TOP134,-0.1201,0.3718
Pacifastacus leniusculus (alien),local_only,l_TOP135,-0.085,0.3824
Pacifastacus leniusculus (alien),local_only,l_TOP136,-0.1056,0.3839
Pacifastacus leniusculus (alien),local_only,l_TOP137,-0.0906,0.0773
Pacifastacus leniusculus (alien),local_only,l_TOP138,-0.3113,0.2022
Pacifastacus leniusculus (alien),local_only,l_TOP139,-0.2874,0.1518
Pacifastacus leniusculus (alien),local_only,l_TOP140,-0.3207,0.2139
Pacifastacus leniusculus (alien),local_only,l_TOP141,0.1102,0.0852
Pacifastacus leniusculus (alien),local_only,l_TOP142,-0.8359,0.4211
Pacifastacus leniusculus (alien),local_only,l_TOP143,-0.4763,0.2314
Pacifastacus leniusculus (alien),local_only,l_TOP144,-0.8955,0.4323
Pacifastacus leniusculus (alien),upstream_only,u_CLI3,0.1619,0.2208
Pacifastacus leniusculus (alien),upstream_only,u_CLI7,0.4772,0.3054
Pacifastacus leniusculus (alien),upstream_only,u_CLI11,0.2364,0.2895
Pacifastacus leniusculus (alien),upstream_only,u_CLI15,0.055,0.3581
Pacifastacus leniusculus (alien),upstream_only,u_CLI19,0.0543,0.2346
Pacifastacus leniusculus (alien),upstream_only,u_CLI23,-0.0183,0.2963
Pacifastacus leniusculus (alien),upstream_only,u_CLI27,0.0506,0.2161
Pacifastacus leniusculus (alien),upstream_only,u_CLI31,0.4918,0.3844
Pacifastacus leniusculus (alien),upstream_only,u_CLI35,-0.5493,0.3319
Pacifastacus leniusculus (alien),upstream_only,u_CLI39,0.1462,0.2602
Pacifastacus leniusculus (alien),upstream_only,u_CLI43,0.0229,0.3308
Pacifastacus leniusculus (alien),upstream_only,u_CLI47,0.1591,0.1302
Pacifastacus leniusculus (alien),upstream_only,u_CLI51,0.1165,0.0912
Pacifastacus leniusculus (alien),upstream_only,u_CLI55,0.1727,0.2088
Pacifastacus leniusculus (alien),upstream_only,u_CLI59,-0.1898,0.1528
Pacifastacus leniusculus (alien),upstream_only,u_CLI63,0.1617,0.1017
Pacifastacus leniusculus (alien),upstream_only,u_CLI67,0.214,0.2284
Pacifastacus leniusculus (alien),upstream_only,u_CLI71,0.5519,0.2401
Pacifastacus leniusculus (alien),upstream_only,u_CLI75,-0.0536,0.1376
Pacifastacus leniusculus (alien),upstream_only,u_TOP126,0.1132,0.1495
Pacifastacus leniusculus (alien),upstream_only,u_TOP130,0.0948,0.1743
Pacifastacus leniusculus (alien),upstream_only,u_LAC1,0.3429,0.1512
Pacifastacus leniusculus (alien),upstream_only,u_LAC2,-0.0981,0.0219
Pacifastacus leniusculus (alien),upstream_only,u_LAC3,-0.047,0.0739
Pacifastacus leniusculus (alien),upstream_only,u_LAC4,-0.0719,0.1676
Pacifastacus leniusculus (alien),upstream_only,u_LAC5,-0.0249,0.0003
Pacifastacus leniusculus (alien),upstream_only,u_LAC6,0.0169,0.0861
Pacifastacus leniusculus (alien),upstream_only,u_LAC7,-0.2542,0.1441
Pacifastacus leniusculus (alien),upstream_only,u_LAC8,-0.0314,0.0071
Pacifastacus leniusculus (alien),upstream_only,u_LAC9,0.0312,0.1005
Pacifastacus leniusculus (alien),upstream_only,u_LAC10,0.0102,0.066
Pacifastacus leniusculus (alien),upstream_only,u_LAC11,-0.1061,0.0564
Pacifastacus leniusculus (alien),upstream_only,u_LAC12,-0.0983,0.0937
Pacifastacus leniusculus (alien),upstream_only,u_LAC13,-0.2591,0.1372
Pacifastacus leniusculus (alien),upstream_only,u_LAC14,,0.0
Pacifastacus leniusculus (alien),upstream_only,u_LAC15,-0.0815,0.0889
Pacifastacus leniusculus (alien),upstream_only,u_LAC16,-0.0433,0.0078
Pacifastacus leniusculus (alien),upstream_only,u_LAC17,,0.0
Pacifastacus leniusculus (alien),upstream_only,u_LAC18,-0.0829,0.1308
Pacifastacus leniusculus (alien),upstream_only,u_LAC19,0.4431,0.2831
Pacifastacus leniusculus (alien),upstream_only,u_LAC20,0.2059,0.0386
Pacifastacus leniusculus (alien),upstream_only,u_LAC21,-0.2865,0.1868
Pacifastacus leniusculus (alien),upstream_only,u_LAC22,0.1552,0.0296
Pacifastacus leniusculus (alien),upstream_only,u_SOL3,-0.4977,0.3198
Pacifastacus leniusculus (alien),upstream_only,u_SOL11,0.0739,0.0911
Pacifastacus leniusculus (alien),upstream_only,u_SOL15,-0.1922,0.1521
Pacifastacus leniusculus (alien),upstream_only,u_SOL19,0.2263,0.2684
Pacifastacus leniusculus (alien),upstream_only,u_SOL7,0.0458,0.1204
Pacifastacus leniusculus (alien),upstream_only,u_SOL39,-0.6095,0.2094
Pacifastacus leniusculus (alien),upstream_only,u_SOL43,0.2018,0.2227
Pacifastacus leniusculus (alien),upstream_only,u_SOL27,0.507,0.264
Pacifastacus leniusculus (alien),upstream_only,u_SOL31,0.1562,0.1239
Pacifastacus leniusculus (alien),upstream_only,u_SOL23,0.0682,0.1192
Pacifastacus leniusculus (alien),upstream_only,u_SOL47,-0.2834,0.2182
Pacifastacus leniusculus (alien),upstream_only,u_SOL55,-0.1558,0.207
Pacifastacus leniusculus (alien),upstream_only,u_SOL59,-0.3044,0.2178
Pacifastacus leniusculus (alien),upstream_only,u_SOL35,-0.3851,0.1799
Pacifastacus leniusculus (alien),upstream_only,u_SOL51,-0.0264,0.0009
Pacifastacus leniusculus (alien),upstream_only,u_TOP105,-0.851,0.4098
Pacifastacus leniusculus (alien),upstream_only,u_TOP110,0.4281,0.2572
Pacifastacus leniusculus (alien),upstream_only,u_TOP111,0.4235,0.2389
Pacifastacus leniusculus (alien),upstream_only,u_TOP112,0.2421,0.1282
Pacifastacus leniusculus (alien),upstream_only,u_TOP113,0.0586,0.2741
Pacifastacus leniusculus (alien),upstream_only,u_TOP114,1.0507,0.5132
Pacifastacus leniusculus (alien),upstream_only,u_TOP117,0.3699,0.1987
Pacifastacus leniusculus (alien),upstream_only,u_TOP119,0.3407,0.1451
Pacifastacus leniusculus (alien),upstream_only,u_TOP122,0.2643,0.2172
Pacifastacus leniusculus (alien),upstream_only,u_TOP3,-0.3657,0.1499
Pacifastacus leniusculus (alien),upstream_only,u_TOP7,-0.3693,0.1536
Pacifastacus leniusculus (alien),upstream_only,u_TOP11,0.2126,0.1325
Pacifastacus leniusculus (alien),upstream_only,u_TOP15,0.4135,0.1557
Pacifastacus leniusculus (alien),upstream_only,u_TOP19,0.2189,0.0749
Pacifastacus leniusculus (alien),upstream_only,u_TOP23,-0.1876,0.2622
Pacifastacus leniusculus (alien),upstream_only,u_TOP27,0.235,0.0995
Pacifastacus leniusculus (alien),upstream_only,u_TOP31,1.0693,0.5185
Pacifastacus leniusculus (alien),upstream_only,u_TOP35,0.4792,0.2173
Pacifastacus leniusculus (alien),upstream_only,u_TOP39,-0.2696,0.0767
Pacifastacus leniusculus (alien),upstream_only,u_TOP43,-0.3161,0.0779
Pacifastacus leniusculus (alien),upstream_only,u_TOP47,0.0078,0.0692
Pacifastacus leniusculus (alien),upstream_only,u_TOP51,0.345,0.1446
Pacifastacus leniusculus (alien),upstream_only,u_TOP55,0.301,0.2267
Pacifastacus leniusculus (alien),upstream_only,u_TOP59,0.3764,0.1587
Pacifastacus leniusculus (alien),upstream_only,u_TOP63,0.076,0.1482
Pacifastacus leniusculus (alien),upstream_only,u_TOP67,0.3681,0.1588
Pacifastacus leniusculus (alien),upstream_only,u_TOP71,0.0686,0.1495
Pacifastacus leniusculus (alien),upstream_only,u_TOP75,0.3348,0.1417
Pacifastacus leniusculus (alien),upstream_only,u_TOP79,-0.1399,0.0986
Pacifastacus leniusculus (alien),upstream_only,u_TOP83,-0.1348,0.1165
Pacifastacus leniusculus (alien),upstream_only,u_TOP87,0.0767,0.1387
Pacifastacus leniusculus (alien),upstream_only,u_TOP91,0.2672,0.1311
Pacifastacus leniusculus (alien),upstream_only,u_TOP95,0.5138,0.2583
Pacifastacus leniusculus (alien),upstream_only,u_TOP99,0.536,0.2512
Pacifastacus leniusculus (alien),upstream_only,u_TOP103,-0.3141,0.1382
Pacifastacus leniusculus (alien),upstream_only,u_TOP135,-0.0931,0.2479
Pacifastacus leniusculus (alien),upstream_only,u_TOP139,0.2554,0.0967
Pacifastacus leniusculus (alien),upstream_only,u_TOP143,-0.3384,0.191
Faxonius limosus (alien),local_only,l_CLI1,-0.8697,0.4637
Faxonius limosus (alien),local_only,l_CLI2,-0.8388,0.4536
Faxonius limosus (alien),local_only,l_CLI3,-0.8633,0.4619
Faxonius limosus (alien),local_only,l_CLI4,0.2058,0.0696
Faxonius limosus (alien),local_only,l_CLI5,-0.1675,0.1737
Faxonius limosus (alien),local_only,l_CLI6,-0.1661,0.172
Faxonius limosus (alien),local_only,l_CLI7,-0.1666,0.1743
Faxonius limosus (alien),local_only,l_CLI8,0.0231,0.0104
Faxonius limosus (alien),local_only,l_CLI9,-0.9522,0.5527
Faxonius limosus (alien),local_only,l_CLI10,-0.9267,0.5414
Faxonius limosus (alien),local_only,l_CLI11,-0.9391,0.551
Faxonius limosus (alien),local_only,l_CLI12,0.2308,0.067
Faxonius limosus (alien),local_only,l_CLI13,0.6726,0.4247
Faxonius limosus (alien),local_only,l_CLI14,0.6929,0.4276
Faxonius limosus (alien),local_only,l_CLI15,0.6813,0.4259
Faxonius limosus (alien),local_only,l_CLI16,0.3044,0.1116
Faxonius limosus (alien),local_only,l_CLI17,-0.299,0.1962
Faxonius limosus (alien),local_only,l_CLI18,-0.2575,0.1757
Faxonius limosus (alien),local_only,l_CLI19,-0.2835,0.194
Faxonius limosus (alien),local_only,l_CLI20,0.2194,0.075
Faxonius limosus (alien),local_only,l_CLI21,-0.945,0.5553
Faxonius limosus (alien),local_only,l_CLI22,-0.9408,0.5643
Faxonius limosus (alien),local_only,l_CLI23,-0.9466,0.5639
Faxonius limosus (alien),local_only,l_CLI24,0.1481,0.0472
Faxonius limosus (alien),local_only,l_CLI25,0.4807,0.2954
Faxonius limosus (alien),local_only,l_CLI26,0.4973,0.2979
Faxonius limosus (alien),local_only,l_CLI27,0.4876,0.2982
Faxonius limosus (alien),local_only,l_CLI28,0.2738,0.0932
Faxonius limosus (alien),local_only,l_CLI29,0.9281,0.5096
Faxonius limosus (alien),local_only,l_CLI30,0.9668,0.5299
Faxonius limosus (alien),local_only,l_CLI31,0.9487,0.5212
Faxonius limosus (alien),local_only,l_CLI32,0.1557,0.1132
Faxonius limosus (alien),local_only,l_CLI33,-0.9077,0.4916
Faxonius limosus (alien),local_only,l_CLI34,-0.8922,0.4782
Faxonius limosus (alien),local_only,l_CLI35,-0.9023,0.4877
Faxonius limosus (alien),local_only,l_CLI36,0.058,0.0567
Faxonius limosus (alien),local_only,l_CLI37,-0.3553,0.172
Faxonius limosus (alien),local_only,l_CLI38,-0.3062,0.1615
Faxonius limosus (alien),local_only,l_CLI39,-0.3366,0.1681
Faxonius limosus (alien),local_only,l_CLI40,0.2282,0.0739
Faxonius limosus (alien),local_only,l_CLI41,-1.0706,0.5961
Faxonius limosus (alien),local_only,l_CLI42,-1.0537,0.6021
Faxonius limosus (alien),local_only,l_CLI43,-1.0658,0.6027
Faxonius limosus (alien),local_only,l_CLI44,0.1608,0.051
Faxonius limosus (alien),local_only,l_CLI45,-0.3101,0.2987
Faxonius limosus (alien),local_only,l_CLI46,-0.2672,0.293
Faxonius limosus (alien),local_only,l_CLI47,-0.2888,0.2963
Faxonius limosus (alien),local_only,l_CLI48,0.2259,0.0754
Faxonius limosus (alien),local_only,l_CLI49,-0.2751,0.2874
Faxonius limosus (alien),local_only,l_CLI50,-0.2334,0.2783
Faxonius limosus (alien),local_only,l_CLI51,-0.2545,0.2816
Faxonius limosus (alien),local_only,l_CLI52,0.2066,0.0727
Faxonius limosus (alien),local_only,l_CLI53,-0.3145,0.3121
Faxonius limosus (alien),local_only,l_CLI54,-0.2765,0.3081
Faxonius limosus (alien),local_only,l_CLI55,-0.2958,0.3109
Faxonius limosus (alien),local_only,l_CLI56,0.2402,0.0771
Faxonius limosus (alien),local_only,l_CLI57,0.129,0.1626
Faxonius limosus (alien),local_only,l_CLI58,0.1339,0.1641
Faxonius limosus (alien),local_only,l_CLI59,0.1311,0.1634
Faxonius limosus (alien),local_only,l_CLI60,0.2768,0.1102
Faxonius limosus (alien),local_only,l_CLI61,-0.2509,0.2994
Faxonius limosus (alien),local_only,l_CLI62,-0.2096,0.2931
Faxonius limosus (alien),local_only,l_CLI63,-0.2306,0.2981
Faxonius limosus (alien),local_only,l_CLI64,0.2125,0.0751
Faxonius limosus (alien),local_only,l_CLI65,-0.3037,0.2503
Faxonius limosus (alien),local_only,l_CLI66,-0.2663,0.2457
Faxonius limosus (alien),local_only,l_CLI67,-0.2855,0.2481
Faxonius limosus (alien),local_only,l_CLI68,0.2453,0.0807
Faxonius limosus (alien),local_only,l_CLI69,0.3323,0.1442
Faxonius limosus (alien),local_only,l_CLI70,0.3437,0.1446
Faxonius limosus (alien),local_only,l_CLI71,0.3382,0.1453
Faxonius limosus (alien),local_only,l_CLI72,0.2716,0.1042
Faxonius limosus (alien),local_only,l_CLI73,-0.519,0.2979
Faxonius limosus (alien),local_only,l_CLI74,-0.4811,0.2938
Faxonius limosus (alien),local_only,l_CLI75,-0.5007,0.2947
Faxonius limosus (alien),local_only,l_CLI76,0.2162,0.07
Faxonius limosus (alien),local_only,l_TOP124,-0.0651,0.2961
Faxonius limosus (alien),local_only,l_TOP125,-0.1025,0.3625
Faxonius limosus (alien),local_only,l_TOP126,-0.1111,0.3758
Faxonius limosus (alien),local_only,l_TOP127,-0.0899,0.2584
Faxonius limosus (alien),local_only,l_TOP128,-0.0808,0.2667
Faxonius limosus (alien),local_only,l_TOP129,-0.1301,0.3553
Faxonius limosus (alien),local_only,l_TOP130,-0.1398,0.3679
Faxonius limosus (alien),local_only,l_TOP131,-0.1148,0.2521
Faxonius limosus (alien),local_only,l_LAC1,0.2865,0.1371
Faxonius limosus (alien),local_only,l_LAC2,0.0182,0.0015
Faxonius limosus (alien),local_only,l_LAC3,-0.3059,0.1239
Faxonius limosus (alien),local_only,l_LAC4,-0.0857,0.0155
Faxonius limosus (alien),local_only,l_LAC5,,0.0
Faxonius limosus (alien),local_only,l_LAC6,-0.0258,0.0246
Faxonius limosus (alien),local_only,l_LAC7,0.252,0.0715
Faxonius limosus (alien),local_only,l_LAC8,-0.0229,0.0003
Faxonius limosus (alien),local_only,l_LAC9,0.0983,0.031
Faxonius limosus (alien),local_only,l_LAC10,-0.0877,0.0235
Faxonius limosus (alien),local_only,l_LAC11,-0.0032,0.002
Faxonius limosus (alien),local_only,l_LAC12,-0.0692,0.0034
Faxonius limosus (alien),local_only,l_LAC13,-0.2118,0.0844
Faxonius limosus (alien),local_only,l_LAC14,,0.0
Faxonius limosus (alien),local_only,l_LAC15,0.0593,0.0022
Faxonius limosus (alien),local_only,l_LAC16,-0.0229,0.0003
Faxonius limosus (alien),local_only,l_LAC17,,0.0
Faxonius limosus (alien),local_only,l_LAC18,-0.0986,0.0219
Faxonius limosus (alien),local_only,l_LAC19,-0.0169,0.0202
Faxonius limosus (alien),local_only,l_LAC20,-0.0239,0.0008
Faxonius limosus (alien),local_only,l_LAC21,-0.2111,0.1048
Faxonius limosus (alien),local_only,l_LAC22,,0.0
Faxonius limosus (alien),local_only,l_SOL1,-0.0448,0.0931
Faxonius limosus (alien),local_only,l_SOL2,0.1023,0.0708
Faxonius limosus (alien),local_only,l_SOL3,0.0346,0.0698
Faxonius limosus (alien),local_only,l_SOL4,0.1997,0.1178
Faxonius limosus (alien),local_only,l_SOL9,-0.4289,0.2096
Faxonius limosus (alien),local_only,l_SOL10,-0.4032,0.2026
Faxonius limosus (alien),local_only,l_SOL11,-0.4139,0.2019
Faxonius limosus (alien),local_only,l_SOL12,-0.0096,0.0399
Faxonius limosus (alien),local_only,l_SOL13,0.3295,0.1654
Faxonius limosus (alien),local_only,l_SOL14,0.3631,0.1782
Faxonius limosus (alien),local_only,l_SOL15,0.3431,0.17
Faxonius limosus (alien),local_only,l_SOL16,0.0889,0.0681
Faxonius limosus (alien),local_only,l_SOL17,-0.2713,0.1403
Faxonius limosus (alien),local_only,l_SOL18,-0.2194,0.12
Faxonius limosus (alien),local_only,l_SOL19,-0.2439,0.133
Faxonius limosus (alien),local_only,l_SOL20,0.1103,0.0672
Faxonius limosus (alien),local_only,l_SOL5,-0.3477,0.1753
Faxonius limosus (alien),local_only,l_SOL6,-0.3254,0.1629
Faxonius limosus (alien),local_only,l_SOL7,-0.3406,0.1765
Faxonius limosus (alien),local_only,l_SOL8,0.114,0.0973
Faxonius limosus (alien),local_only,l_SOL37,0.1331,0.19
Faxonius limosus (alien),local_only,l_SOL38,0.1527,0.2453
Faxonius limosus (alien),local_only,l_SOL39,0.1416,0.2302
Faxonius limosus (alien),local_only,l_SOL40,0.1039,0.2088
Faxonius limosus (alien),local_only,l_SOL41,-0.0115,0.0789
Faxonius limosus (alien),local_only,l_SOL42,0.0375,0.0395
Faxonius limosus (alien),local_only,l_SOL43,0.0185,0.0584
Faxonius limosus (alien),local_only,l_SOL44,0.1035,0.0419
Faxonius limosus (alien),local_only,l_SOL25,-0.3067,0.16
Faxonius limosus (alien),local_only,l_SOL26,-0.1967,0.0735
Faxonius limosus (alien),local_only,l_SOL27,-0.2635,0.1091
Faxonius limosus (alien),local_only,l_SOL28,0.245,0.1622
Faxonius limosus (alien),local_only,l_SOL29,-0.1495,0.1199
Faxonius limosus (alien),local_only,l_SOL30,-0.071,0.0951
Faxonius limosus (alien),local_only,l_SOL31,-0.1231,0.1195
Faxonius limosus (alien),local_only,l_SOL32,0.0561,0.0714
Faxonius limosus (alien),local_only,l_SOL21,-0.048,0.104
Faxonius limosus (alien),local_only,l_SOL22,-0.0201,0.1042
Faxonius limosus (alien),local_only,l_SOL23,-0.0338,0.1108
Faxonius limosus (alien),local_only,l_SOL24,0.0289,0.0315
Faxonius limosus (alien),local_only,l_SOL45,0.0311,0.0195
Faxonius limosus (alien),local_only,l_SOL46,0.0626,0.0382
Faxonius limosus (alien),local_only,l_SOL47,0.048,0.0378
Faxonius limosus (alien),local_only,l_SOL48,0.0487,0.0235
Faxonius limosus (alien),local_only,l_SOL53,-0.1048,0.0232
Faxonius limosus (alien),local_only,l_SOL54,-0.0726,0.0094
Faxonius limosus (alien),local_only,l_SOL55,-0.1037,0.0231
Faxonius limosus (alien),local_only,l_SOL56,0.0926,0.0222
Faxonius limosus (alien),local_only,l_SOL57,-0.1633,0.1355
Faxonius limosus (alien),local_only,l_SOL58,-0.0674,0.098
Faxonius limosus (alien),local_only,l_SOL59,-0.1028,0.1128
Faxonius limosus (alien),local_only,l_SOL60,0.0558,0.0316
Faxonius limosus (alien),local_only,l_SOL33,0.0576,0.0809
Faxonius limosus (alien),local_only,l_SOL34,0.1189,0.1143
Faxonius limosus (alien),local_only,l_SOL35,0.0816,0.098
Faxonius limosus (alien),local_only,l_SOL36,0.14,0.1202
Faxonius limosus (alien),local_only,l_SOL49,0.0842,0.0035
Faxonius limosus (alien),local_only,l_SOL50,0.1247,0.0116
Faxonius limosus (alien),local_only,l_SOL51,0.1304,0.0116
Faxonius limosus (alien),local_only,l_SOL52,0.1095,0.008
Faxonius limosus (alien),local_only,l_TOP108,-0.1006,0.407
Faxonius limosus (alien),local_only,l_TOP109,0.4553,0.1991
Faxonius limosus (alien),local_only,l_TOP110,0.2334,0.1106
Faxonius limosus (alien),local_only,l_TOP111,0.1634,0.0704
Faxonius limosus (alien),local_only,l_TOP112,0.5271,0.2932
Faxonius limosus (alien),local_only,l_TOP113,-0.3033,0.3953
Faxonius limosus (alien),local_only,l_TOP132,-0.1306,0.4314
Faxonius limosus (alien),local_only,l_TOP114,0.4667,0.2174
Faxonius limosus (alien),local_only,l_TOP115,0.2223,0.1455
Faxonius limosus (alien),local_only,l_TOP116,0.1683,0.1242
Faxonius limosus (alien),local_only,l_TOP117,0.3079,0.2016
Faxonius limosus (alien),local_only,l_TOP118,0.3086,0.1935
Faxonius limosus (alien),local_only,l_TOP119,0.3792,0.2058
Faxonius limosus (alien),local_only,l_TOP120,0.1683,0.1242
Faxonius limosus (alien),local_only,l_TOP121,0.1886,0.1374
Faxonius limosus (alien),local_only,l_TOP122,0.1957,0.1405
Faxonius limosus (alien),local_only,l_TOP123,0.1241,0.1198
Faxonius limosus (alien),local_only,l_TOP1,0.1098,0.1381
Faxonius limosus (alien),local_only,l_TOP2,-0.1324,0.1604
Faxonius limosus (alien),local_only,l_TOP3,0.0201,0.1293
Faxonius limosus (alien),local_only,l_TOP4,-0.1772,0.1769
Faxonius limosus (alien),local_only,l_TOP5,0.1095,0.1369
Faxonius limosus (alien),local_only,l_TOP6,-0.0996,0.1035
Faxonius limosus (alien),local_only,l_TOP7,0.062,0.1478
Faxonius limosus (alien),local_only,l_TOP8,-0.1549,0.1708
Faxonius limosus (alien),local_only,l_TOP9,0.1738,0.0611
Faxonius limosus (alien),local_only,l_TOP10,-0.0721,0.1517
Faxonius limosus (alien),local_only,l_TOP11,-0.0209,0.1592
Faxonius limosus (alien),local_only,l_TOP12,-0.1523,0.194
Faxonius limosus (alien),local_only,l_TOP13,0.2002,0.107
Faxonius limosus (alien),local_only,l_TOP14,-0.0101,0.128
Faxonius limosus (alien),local_only,l_TOP15,0.0259,0.1404
Faxonius limosus (alien),local_only,l_TOP16,-0.1127,0.1686
Faxonius limosus (alien),local_only,l_TOP17,-0.0466,0.0018
Faxonius limosus (alien),local_only,l_TOP18,0.0682,0.0862
Faxonius limosus (alien),local_only,l_TOP19,0.0195,0.1326
Faxonius limosus (alien),local_only,l_TOP20,0.0138,0.1188
Faxonius limosus (alien),local_only,l_TOP21,-0.0351,0.0018
Faxonius limosus (alien),local_only,l_TOP22,-0.3033,0.3952
Faxonius limosus (alien),local_only,l_TOP23,-0.3613,0.3959
Faxonius limosus (alien),local_only,l_TOP24,-0.3381,0.3961
Faxonius limosus (alien),local_only,l_TOP25,,0.0
Faxonius limosus (alien),local_only,l_TOP26,0.2016,0.1038
Faxonius limosus (alien),local_only,l_TOP27,0.1988,0.118
Faxonius limosus (alien),local_only,l_TOP28,0.1561,0.0958
Faxonius limosus (alien),local_only,l_TOP29,0.4664,0.2176
Faxonius limosus (alien),local_only,l_TOP30,0.4668,0.2176
Faxonius limosus (alien),local_only,l_TOP31,0.4667,0.2176
Faxonius limosus (alien),local_only,l_TOP32,0.296,0.1423
Faxonius limosus (alien),local_only,l_TOP33,,0.0
Faxonius limosus (alien),local_only,l_TOP34,0.2818,0.1355
Faxonius limosus (alien),local_only,l_TOP35,0.2952,0.1641
Faxonius limosus (alien),local_only,l_TOP36,0.296,0.1423
Faxonius limosus (alien),local_only,l_TOP37,,0.0
Faxonius limosus (alien),local_only,l_TOP38,0.3351,0.1583
Faxonius limosus (alien),local_only,l_TOP39,0.3242,0.1509
Faxonius limosus (alien),local_only,l_TOP40,0.2906,0.1436
Faxonius limosus (alien),local_only,l_TOP41,-0.0421,0.0016
Faxonius limosus (alien),local_only,l_TOP42,-0.0352,0.153
Faxonius limosus (alien),local_only,l_TOP43,-0.0829,0.1909
Faxonius limosus (alien),local_only,l_TOP44,-0.084,0.1879
Faxonius limosus (alien),local_only,l_TOP45,-0.0515,0.0018
Faxonius limosus (alien),local_only,l_TOP46,-0.3031,0.2622
Faxonius limosus (alien),local_only,l_TOP47,-0.3816,0.2883
Faxonius limosus (alien),local_only,l_TOP48,-0.3522,0.2922
Faxonius limosus (alien),local_only,l_TOP49,-0.1638,0.103
Faxonius limosus (alien),local_only,l_TOP50,0.0088,0.1229
Faxonius limosus (alien),local_only,l_TOP51,-0.0049,0.1413
Faxonius limosus (alien),local_only,l_TOP52,-0.0192,0.1502
Faxonius limosus (alien),local_only,l_TOP53,0.1667,0.1234
Faxonius limosus (alien),local_only,l_TOP54,0.1873,0.1369
Faxonius limosus (alien),local_only,l_TOP55,0.1942,0.1403
Faxonius limosus (alien),local_only,l_TOP56,0.1245,0.1197
Faxonius limosus (alien),local_only,l_TOP57,,0.0
Faxonius limosus (alien),local_only,l_TOP58,0.1552,0.0908
Faxonius limosus (alien),local_only,l_TOP59,0.2285,0.0898
Faxonius limosus (alien),local_only,l_TOP60,0.1245,0.1208
Faxonius limosus (alien),local_only,l_TOP61,0.0285,0.198
Faxonius limosus (alien),local_only,l_TOP62,0.0411,0.2025
Faxonius limosus (alien),local_only,l_TOP63,0.0331,0.2056
Faxonius limosus (alien),local_only,l_TOP64,0.0417,0.1905
Faxonius limosus (alien),local_only,l_TOP65,0.2512,0.1936
Faxonius limosus (alien),local_only,l_TOP66,0.3082,0.2023
Faxonius limosus (alien),local_only,l_TOP67,0.3089,0.21
Faxonius limosus (alien),local_only,l_TOP68,0.2628,0.1976
Faxonius limosus (alien),local_only,l_TOP69,0.2871,0.1612
Faxonius limosus (alien),local_only,l_TOP70,0.0414,0.2026
Faxonius limosus (alien),local_only,l_TOP71,0.0281,0.2099
Faxonius limosus (alien),local_only,l_TOP72,0.0369,0.1951
Faxonius limosus (alien),local_only,l_TOP73,0.3085,0.2326
Faxonius limosus (alien),local_only,l_TOP74,0.3605,0.1866
Faxonius limosus (alien),local_only,l_TOP75,0.372,0.1966
Faxonius limosus (alien),local_only,l_TOP76,0.2925,0.1823
Faxonius limosus (alien),local_only,l_TOP77,,0.0
Faxonius limosus (alien),local_only,l_TOP78,0.2906,0.2083
Faxonius limosus (alien),local_only,l_TOP79,0.297,0.2089
Faxonius limosus (alien),local_only,l_TOP80,0.2958,0.2092
Faxonius limosus (alien),local_only,l_TOP81,,0.0
Faxonius limosus (alien),local_only,l_TOP82,0.2906,0.2083
Faxonius limosus (alien),local_only,l_TOP83,0.2723,0.2086
Faxonius limosus (alien),local_only,l_TOP84,0.2957,0.2089
Faxonius limosus (alien),local_only,l_TOP85,0.2665,0.116
Faxonius limosus (alien),local_only,l_TOP86,0.0424,0.1804
Faxonius limosus (alien),local_only,l_TOP87,0.0297,0.1826
Faxonius limosus (alien),local_only,l_TOP88,0.038,0.1741
Faxonius limosus (alien),local_only,l_TOP89,0.181,0.1002
Faxonius limosus (alien),local_only,l_TOP90,0.3182,0.1771
Faxonius limosus (alien),local_only,l_TOP91,0.32,0.1796
Faxonius limosus (alien),local_only,l_TOP92,0.2823,0.1675
Faxonius limosus (alien),local_only,l_TOP93,0.0745,0.1175
Faxonius limosus (alien),local_only,l_TOP94,0.2336,0.1104
Faxonius limosus (alien),local_only,l_TOP95,0.2362,0.1075
Faxonius limosus (alien),local_only,l_TOP96,0.2318,0.1104
Faxonius limosus (alien),local_only,l_TOP97,-0.0582,0.1626
Faxonius limosus (alien),local_only,l_TOP98,0.2336,0.1104
Faxonius limosus (alien),local_only,l_TOP99,0.2302,0.113
Faxonius limosus (alien),local_only,l_TOP100,0.2361,0.1076
Faxonius limosus (alien),local_only,l_TOP101,-0.1495,0.1905
Faxonius limosus (alien),local_only,l_TOP102,0.0084,0.2366
Faxonius limosus (alien),local_only,l_TOP103,-0.0217,0.0347
Faxonius limosus (alien),local_only,l_TOP104,0.1359,0.0879
Faxonius limosus (alien),local_only,l_TOP105,-0.8799,0.3947
Faxonius limosus (alien),local_only,l_TOP106,-0.8056,0.3751
Faxonius limosus (alien),local_only,l_TOP107,0.497,0.2155
Faxonius limosus (alien),local_only,l_TOP133,-0.0257,0.0288
Faxonius limosus (alien),local_only,l_TOP134,-0.1361,0.4328
Faxonius limosus (alien),local_only,l_TOP135,-0.1522,0.4387
Faxonius limosus (alien),local_only,l_TOP136,-0.1488,0.4427
Faxonius limosus (alien),local_only,l_TOP137,-0.0568,0.1252
Faxonius limosus (alien),local_only,l_TOP138,-0.3142,0.2883
Faxonius limosus (alien),local_only,l_TOP139,-0.327,0.2677
Faxonius limosus (alien),local_only,l_TOP140,-0.3403,0.3006
Faxonius limosus (alien),local_only,l_TOP141,0.1592,0.1242
Faxonius limosus (alien),local_only,l_TOP142,-0.8785,0.4151
Faxonius limosus (alien),local_only,l_TOP143,-0.4903,0.2446
Faxonius limosus (alien),local_only,l_TOP144,-0.937,0.422
Faxonius limosus (alien),upstream_only,u_CLI3,-0.6398,0.4077
Faxonius limosus (alien),upstream_only,u_CLI7,-0.1203,0.1706
Faxonius limosus (alien),upstream_only,u_CLI11,-0.9716,0.5448
Faxonius limosus (alien),upstream_only,u_CLI15,0.7682,0.4477
Faxonius limosus (alien),upstream_only,u_CLI19,-0.1306,0.107
Faxonius limosus (alien),upstream_only,u_CLI23,-0.7884,0.4893
Faxonius limosus (alien),upstream_only,u_CLI27,0.5794,0.3252
Faxonius limosus (alien),upstream_only,u_CLI31,1.1185,0.5413
Faxonius limosus (alien),upstream_only,u_CLI35,-0.9312,0.5154
Faxonius limosus (alien),upstream_only,u_CLI39,-0.1631,0.0933
Faxonius limosus (alien),upstream_only,u_CLI43,-0.9111,0.5454
Faxonius limosus (alien),upstream_only,u_CLI47,-0.3526,0.3605
Faxonius limosus (alien),upstream_only,u_CLI51,-0.3044,0.2962
Faxonius limosus (alien),upstream_only,u_CLI55,-0.3557,0.3557
Faxonius limosus (alien),upstream_only,u_CLI59,0.2048,0.1932
Faxonius limosus (alien),upstream_only,u_CLI63,-0.2804,0.3333
Faxonius limosus (alien),upstream_only,u_CLI67,-0.3539,0.3189
Faxonius limosus (alien),upstream_only,u_CLI71,0.2777,0.104
Faxonius limosus (alien),upstream_only,u_CLI75,-0.588,0.3628
Faxonius limosus (alien),upstream_only,u_TOP126,0.0114,0.2876
Faxonius limosus (alien),upstream_only,u_TOP130,0.0025,0.2702
Faxonius limosus (alien),upstream_only,u_LAC1,0.3446,0.1452
Faxonius limosus (alien),upstream_only,u_LAC2,-0.0271,0.0106
Faxonius limosus (alien),upstream_only,u_LAC3,-0.5208,0.2977
Faxonius limosus (alien),upstream_only,u_LAC4,-0.0804,0.2399
Faxonius limosus (alien),upstream_only,u_LAC5,,0.0
Faxonius limosus (alien),upstream_only,u_LAC6,-0.3619,0.3197
Faxonius limosus (alien),upstream_only,u_LAC7,0.3252,0.1129
Faxonius limosus (alien),upstream_only,u_LAC8,-0.0402,0.0177
Faxonius limosus (alien),upstream_only,u_LAC9,-0.0148,0.1829
Faxonius limosus (alien),upstream_only,u_LAC10,-0.1244,0.2358
Faxonius limosus (alien),upstream_only,u_LAC11,-0.0265,0.187
Faxonius limosus (alien),upstream_only,u_LAC12,-0.1257,0.0305
Faxonius limosus (alien),upstream_only,u_LAC13,-0.3439,0.2384
Faxonius limosus (alien),upstream_only,u_LAC14,,0.0
Faxonius limosus (alien),upstream_only,u_LAC15,0.0864,0.0715
Faxonius limosus (alien),upstream_only,u_LAC16,0.0012,0.0019
Faxonius limosus (alien),upstream_only,u_LAC17,,0.0
Faxonius limosus (alien),upstream_only,u_LAC18,-0.032,0.1059
Faxonius limosus (alien),upstream_only,u_LAC19,0.0874,0.1315
Faxonius limosus (alien),upstream_only,u_LAC20,0.101,0.0392
Faxonius limosus (alien),upstream_only,u_LAC21,0.0352,0.2405
Faxonius limosus (alien),upstream_only,u_LAC22,0.0846,0.0151
Faxonius limosus (alien),upstream_only,u_SOL3,0.1112,0.1224
Faxonius limosus (alien),upstream_only,u_SOL11,-0.4403,0.2279
Faxonius limosus (alien),upstream_only,u_SOL15,0.4266,0.2335
Faxonius limosus (alien),upstream_only,u_SOL19,-0.3543,0.1595
Faxonius limosus (alien),upstream_only,u_SOL7,-0.3421,0.2233
Faxonius limosus (alien),upstream_only,u_SOL39,0.2621,0.1951
Faxonius limosus (alien),upstream_only,u_SOL43,0.1648,0.0731
Faxonius limosus (alien),upstream_only,u_SOL27,-0.3228,0.1173
Faxonius limosus (alien),upstream_only,u_SOL31,0.0032,0.1074
Faxonius limosus (alien),upstream_only,u_SOL23,-0.178,0.2013
Faxonius limosus (alien),upstream_only,u_SOL47,-0.0876,0.0818
Faxonius limosus (alien),upstream_only,u_SOL55,-0.1574,0.1809
Faxonius limosus (alien),upstream_only,u_SOL59,-0.2982,0.2894
Faxonius limosus (alien),upstream_only,u_SOL35,0.2134,0.1931
Faxonius limosus (alien),upstream_only,u_SOL51,0.1274,0.022
Faxonius limosus (alien),upstream_only,u_TOP105,-0.8799,0.3947
Faxonius limosus (alien),upstream_only,u_TOP110,0.3557,0.2464
Faxonius limosus (alien),upstream_only,u_TOP111,0.2751,0.1935
Faxonius limosus (alien),upstream_only,u_TOP112,0.5641,0.3155
Faxonius limosus (alien),upstream_only,u_TOP113,-0.0619,0.3927
Faxonius limosus (alien),upstream_only,u_TOP114,0.4611,0.2218
Faxonius limosus (alien),upstream_only,u_TOP117,0.1374,0.1831
Faxonius limosus (alien),upstream_only,u_TOP119,0.0354,0.1972
Faxonius limosus (alien),upstream_only,u_TOP122,-0.029,0.1512
Faxonius limosus (alien),upstream_only,u_TOP3,0.0759,0.1835
Faxonius limosus (alien),upstream_only,u_TOP7,0.0743,0.1845
Faxonius limosus (alien),upstream_only,u_TOP11,0.1338,0.1947
Faxonius limosus (alien),upstream_only,u_TOP15,0.0226,0.184
Faxonius limosus (alien),upstream_only,u_TOP19,-0.0443,0.2087
Faxonius limosus (alien),upstream_only,u_TOP23,-0.1308,0.3669
Faxonius limosus (alien),upstream_only,u_TOP27,0.3264,0.1731
Faxonius limosus (alien),upstream_only,u_TOP31,0.4843,0.2243
Faxonius limosus (alien),upstream_only,u_TOP35,0.3932,0.2606
Faxonius limosus (alien),upstream_only,u_TOP39,-0.1748,0.0962
Faxonius limosus (alien),upstream_only,u_TOP43,-0.2046,0.2174
Faxonius limosus (alien),upstream_only,u_TOP47,-0.1015,0.2342
Faxonius limosus (alien),upstream_only,u_TOP51,-0.0131,0.1968
Faxonius limosus (alien),upstream_only,u_TOP55,-0.015,0.1429
Faxonius limosus (alien),upstream_only,u_TOP59,0.0755,0.1862
Faxonius limosus (alien),upstream_only,u_TOP63,0.0523,0.1996
Faxonius limosus (alien),upstream_only,u_TOP67,0.0292,0.191
Faxonius limosus (alien),upstream_only,u_TOP71,0.0533,0.1939
Faxonius limosus (alien),upstream_only,u_TOP75,0.0166,0.2022
Faxonius limosus (alien),upstream_only,u_TOP79,-0.0877,0.1833
Faxonius limosus (alien),upstream_only,u_TOP83,-0.0928,0.1785
Faxonius limosus (alien),upstream_only,u_TOP87,0.0519,0.2025
Faxonius limosus (alien),upstream_only,u_TOP91,-0.0191,0.2113
Faxonius limosus (alien),upstream_only,u_TOP95,0.391,0.242
Faxonius limosus (alien),upstream_only,u_TOP99,0.3996,0.2481
Faxonius limosus (alien),upstream_only,u_TOP103,-0.2481,0.2292
Faxonius limosus (alien),upstream_only,u_TOP135,-0.1925,0.3928
Faxonius limosus (alien),upstream_only,u_TOP139,-0.0412,0.2452
Faxonius limosus (alien),upstream_only,u_TOP143,0.0664,0.1162
Astacus astacus,local_only,l_CLI1,0.4947,0.4152
Astacus astacus,local_only,l_CLI2,0.643,0.4443
Astacus astacus,local_only,l_CLI3,0.5685,0.4286
Astacus astacus,local_only,l_CLI4,0.4681,0.3036
Astacus astacus,local_only,l_CLI5,0.602,0.4213
Astacus astacus,local_only,l_CLI6,0.6063,0.4211
Astacus astacus,local_only,l_CLI7,0.6044,0.4229
Astacus astacus,local_only,l_CLI8,0.0642,0.0323
Astacus astacus,local_only,l_CLI9,1.3701,0.5588
Astacus astacus,local_only,l_CLI10,1.3868,0.5611
Astacus astacus,local_only,l_CLI11,1.3823,0.5645
Astacus astacus,local_only,l_CLI12,0.4453,0.2232
Astacus astacus,local_only,l_CLI13,-1.7026,0.596
Astacus astacus,local_only,l_CLI14,-1.6559,0.5812
Astacus astacus,local_only,l_CLI15,-1.6846,0.5909
Astacus astacus,local_only,l_CLI16,0.4206,0.2488
Astacus astacus,local_only,l_CLI17,-0.1662,0.1884
Astacus astacus,local_only,l_CLI18,-0.0372,0.2572
Astacus astacus,local_only,l_CLI19,-0.1079,0.224
Astacus astacus,local_only,l_CLI20,0.4885,0.3307
Astacus astacus,local_only,l_CLI21,0.824,0.3888
Astacus astacus,local_only,l_CLI22,0.964,0.4062
Astacus astacus,local_only,l_CLI23,0.896,0.3984
Astacus astacus,local_only,l_CLI24,0.4222,0.3057
Astacus astacus,local_only,l_CLI25,-1.0765,0.5113
Astacus astacus,local_only,l_CLI26,-1.0337,0.5037
Astacus astacus,local_only,l_CLI27,-1.0581,0.5119
Astacus astacus,local_only,l_CLI28,0.4057,0.2083
Astacus astacus,local_only,l_CLI29,-0.2593,0.1145
Astacus astacus,local_only,l_CLI30,-0.1956,0.1646
Astacus astacus,local_only,l_CLI31,-0.2307,0.1372
Astacus astacus,local_only,l_CLI32,0.3712,0.2974
Astacus astacus,local_only,l_CLI33,0.2504,0.3719
Astacus astacus,local_only,l_CLI34,0.3169,0.4038
Astacus astacus,local_only,l_CLI35,0.2822,0.3846
Astacus astacus,local_only,l_CLI36,0.4005,0.3102
Astacus astacus,local_only,l_CLI37,-0.1265,0.2285
Astacus astacus,local_only,l_CLI38,0.0191,0.2887
Astacus astacus,local_only,l_CLI39,-0.0598,0.2554
Astacus astacus,local_only,l_CLI40,0.4897,0.3247
Astacus astacus,local_only,l_CLI41,0.9438,0.464
Astacus astacus,local_only,l_CLI42,1.0811,0.5039
Astacus astacus,local_only,l_CLI43,1.0155,0.4877
Astacus astacus,local_only,l_CLI44,0.4266,0.3187
Astacus astacus,local_only,l_CLI45,0.9836,0.5389
Astacus astacus,local_only,l_CLI46,1.0036,0.5439
Astacus astacus,local_only,l_CLI47,0.9964,0.5452
Astacus astacus,local_only,l_CLI48,0.5596,0.3649
Astacus astacus,local_only,l_CLI49,0.6036,0.3913
Astacus astacus,local_only,l_CLI50,0.6366,0.3945
Astacus astacus,local_only,l_CLI51,0.6222,0.3931
Astacus astacus,local_only,l_CLI52,0.5161,0.3349
Astacus astacus,local_only,l_CLI53,1.154,0.5415
Astacus astacus,local_only,l_CLI54,1.1688,0.5454
Astacus astacus,local_only,l_CLI55,1.1633,0.5455
Astacus astacus,local_only,l_CLI56,0.5921,0.3949
Astacus astacus,local_only,l_CLI57,-0.7911,0.4501
Astacus astacus,local_only,l_CLI58,-0.7787,0.4466
Astacus astacus,local_only,l_CLI59,-0.7847,0.4486
Astacus astacus,local_only,l_CLI60,0.5108,0.2335
Astacus astacus,local_only,l_CLI61,0.6905,0.4125
Astacus astacus,local_only,l_CLI62,0.7192,0.4154
Astacus astacus,local_only,l_CLI63,0.7071,0.4158
Astacus astacus,local_only,l_CLI64,0.5238,0.3437
Astacus astacus,local_only,l_CLI65,1.2218,0.5697
Astacus astacus,local_only,l_CLI66,1.2366,0.5716
Astacus astacus,local_only,l_CLI67,1.2312,0.5722
Astacus astacus,local_only,l_CLI68,0.6016,0.3988
Astacus astacus,local_only,l_CLI69,0.8628,0.405
Astacus astacus,local_only,l_CLI70,0.8864,0.406
Astacus astacus,local_only,l_CLI71,0.8768,0.4074
Astacus astacus,local_only,l_CLI72,0.5522,0.3469
Astacus astacus,local_only,l_CLI73,0.7318,0.4858
Astacus astacus,local_only,l_CLI74,0.7577,0.4955
Astacus astacus,local_only,l_CLI75,0.7461,0.4928
Astacus astacus,local_only,l_CLI76,0.5396,0.3777
Astacus astacus,local_only,l_TOP124,0.0301,0.3446
Astacus astacus,local_only,l_TOP125,0.0801,0.1778
Astacus astacus,local_only,l_TOP126,0.0642,0.2082
Astacus astacus,local_only,l_TOP127,0.0705,0.1118
Astacus astacus,local_only,l_TOP128,0.0075,0.3094
Astacus astacus,local_only,l_TOP129,0.0279,0.2191
Astacus astacus,local_only,l_TOP130,0.0269,0.2455
Astacus astacus,local_only,l_TOP131,0.0254,0.1384
Astacus astacus,local_only,l_LAC1,0.1393,0.0787
Astacus astacus,local_only,l_LAC2,-0.0843,0.0049
Astacus astacus,local_only,l_LAC3,-0.1387,0.0513
Astacus astacus,local_only,l_LAC4,-0.0891,0.0127
Astacus astacus,local_only,l_LAC5,,0.0
Astacus astacus,local_only,l_LAC6,-0.1864,0.0912
Astacus astacus,local_only,l_LAC7,0.0172,0.038
Astacus astacus,local_only,l_LAC8,-0.0312,0.0005
Astacus astacus,local_only,l_LAC9,0.029,0.0157
Astacus astacus,local_only,l_LAC10,0.1148,0.0821
Astacus astacus,local_only,l_LAC11,0.0248,0.006
Astacus astacus,local_only,l_LAC12,-0.057,0.0033
Astacus astacus,local_only,l_LAC13,0.3619,0.1812
Astacus astacus,local_only,l_LAC14,,0.0
Astacus astacus,local_only,l_LAC15,0.0147,0.0007
Astacus astacus,local_only,l_LAC16,,0.0
Astacus astacus,local_only,l_LAC17,,0.0
Astacus astacus,local_only,l_LAC18,-0.0869,0.0101
Astacus astacus,local_only,l_LAC19,0.2638,0.1165
Astacus astacus,local_only,l_LAC20,0.0316,0.0012
Astacus astacus,local_only,l_LAC21,-0.5237,0.2249
Astacus astacus,local_only,l_LAC22,,0.0
Astacus astacus,local_only,l_SOL1,-0.0517,0.0892
Astacus astacus,local_only,l_SOL2,-0.1277,0.1046
Astacus astacus,local_only,l_SOL3,-0.0823,0.0977
Astacus astacus,local_only,l_SOL4,-0.1409,0.0818
Astacus astacus,local_only,l_SOL9,0.2283,0.2364
Astacus astacus,local_only,l_SOL10,0.2796,0.2533
Astacus astacus,local_only,l_SOL11,0.2568,0.2611
Astacus astacus,local_only,l_SOL12,0.1174,0.0501
Astacus astacus,local_only,l_SOL13,-0.5837,0.3507
Astacus astacus,local_only,l_SOL14,-0.5463,0.3389
Astacus astacus,local_only,l_SOL15,-0.5714,0.3549
Astacus astacus,local_only,l_SOL16,-0.0315,0.0392
Astacus astacus,local_only,l_SOL17,0.6993,0.3538
Astacus astacus,local_only,l_SOL18,0.7015,0.345
Astacus astacus,local_only,l_SOL19,0.7114,0.3706
Astacus astacus,local_only,l_SOL20,-0.1088,0.0691
Astacus astacus,local_only,l_SOL5,0.3354,0.2622
Astacus astacus,local_only,l_SOL6,0.208,0.1788
Astacus astacus,local_only,l_SOL7,0.2926,0.2339
Astacus astacus,local_only,l_SOL8,-0.3096,0.1667
Astacus astacus,local_only,l_SOL37,-0.5484,0.216
Astacus astacus,local_only,l_SOL38,-0.553,0.2764
Astacus astacus,local_only,l_SOL39,-0.5978,0.2611
Astacus astacus,local_only,l_SOL40,-0.4193,0.2212
Astacus astacus,local_only,l_SOL41,-0.3998,0.1558
Astacus astacus,local_only,l_SOL42,-0.2803,0.132
Astacus astacus,local_only,l_SOL43,-0.3404,0.1512
Astacus astacus,local_only,l_SOL44,0.2562,0.1117
Astacus astacus,local_only,l_SOL25,0.1477,0.0966
Astacus astacus,local_only,l_SOL26,0.0576,0.0506
Astacus astacus,local_only,l_SOL27,0.1081,0.0679
Astacus astacus,local_only,l_SOL28,-0.2257,0.1131
Astacus astacus,local_only,l_SOL29,-0.3977,0.1863
Astacus astacus,local_only,l_SOL30,-0.5093,0.2657
Astacus astacus,local_only,l_SOL31,-0.4946,0.2282
Astacus astacus,local_only,l_SOL32,-0.3355,0.2039
Astacus astacus,local_only,l_SOL21,0.9273,0.4258
Astacus astacus,local_only,l_SOL22,0.8901,0.4244
Astacus astacus,local_only,l_SOL23,0.932,0.4403
Astacus astacus,local_only,l_SOL24,0.3007,0.186
Astacus astacus,local_only,l_SOL45,0.1145,0.0608
Astacus astacus,local_only,l_SOL46,0.1079,0.0481
Astacus astacus,local_only,l_SOL47,0.1027,0.0633
Astacus astacus,local_only,l_SOL48,0.0091,0.0218
Astacus astacus,local_only,l_SOL53,-0.2341,0.1111
Astacus astacus,local_only,l_SOL54,-0.069,0.0198
Astacus astacus,local_only,l_SOL55,-0.1645,0.1116
Astacus astacus,local_only,l_SOL56,0.2923,0.1123
Astacus astacus,local_only,l_SOL57,-0.1366,0.0795
Astacus astacus,local_only,l_SOL58,0.0734,0.0753
Astacus astacus,local_only,l_SOL59,-0.0267,0.0484
Astacus astacus,local_only,l_SOL60,0.3844,0.1583
Astacus astacus,local_only,l_SOL33,-0.8966,0.4031
Astacus astacus,local_only,l_SOL34,-0.7288,0.3941
Astacus astacus,local_only,l_SOL35,-0.8493,0.4218
Astacus astacus,local_only,l_SOL36,-0.1487,0.1334
Astacus astacus,local_only,l_SOL49,,0.0
Astacus astacus,local_only,l_SOL50,,0.0
Astacus astacus,local_only,l_SOL51,,0.0
Astacus astacus,local_only,l_SOL52,,0.0
Astacus astacus,local_only,l_TOP108,-0.0449,0.4206
Astacus astacus,local_only,l_TOP109,0.7566,0.4102
Astacus astacus,local_only,l_TOP110,0.2044,0.1039
Astacus astacus,local_only,l_TOP111,0.143,0.0754
Astacus astacus,local_only,l_TOP112,0.3749,0.2577
Astacus astacus,local_only,l_TOP113,-0.2351,0.4079
Astacus astacus,local_only,l_TOP132,-0.0381,0.4318
Astacus astacus,local_only,l_TOP114,0.7034,0.4105
Astacus astacus,local_only,l_TOP115,1.0549,0.5331
Astacus astacus,local_only,l_TOP116,1.0535,0.5221
Astacus astacus,local_only,l_TOP117,0.5037,0.4339
Astacus astacus,local_only,l_TOP118,0.4658,0.3377
Astacus astacus,local_only,l_TOP119,0.6644,0.4113
Astacus astacus,local_only,l_TOP120,1.0535,0.5221
Astacus astacus,local_only,l_TOP121,1.0038,0.5223
Astacus astacus,local_only,l_TOP122,1.0517,0.5293
Astacus astacus,local_only,l_TOP123,0.4717,0.3519
Astacus astacus,local_only,l_TOP1,-0.4082,0.1991
Astacus astacus,local_only,l_TOP2,0.329,0.1804
Astacus astacus,local_only,l_TOP3,-0.4912,0.261
Astacus astacus,local_only,l_TOP4,0.3351,0.2149
Astacus astacus,local_only,l_TOP5,-0.408,0.1991
Astacus astacus,local_only,l_TOP6,0.3102,0.161
Astacus astacus,local_only,l_TOP7,-0.4489,0.2481
Astacus astacus,local_only,l_TOP8,0.3588,0.221
Astacus astacus,local_only,l_TOP9,0.2749,0.158
Astacus astacus,local_only,l_TOP10,0.3852,0.2623
Astacus astacus,local_only,l_TOP11,0.4189,0.2946
Astacus astacus,local_only,l_TOP12,0.3017,0.2214
Astacus astacus,local_only,l_TOP13,0.2955,0.2284
Astacus astacus,local_only,l_TOP14,0.4133,0.2167
Astacus astacus,local_only,l_TOP15,0.472,0.291
Astacus astacus,local_only,l_TOP16,0.3256,0.189
Astacus astacus,local_only,l_TOP17,-0.0057,0.0005
Astacus astacus,local_only,l_TOP18,0.054,0.1268
Astacus astacus,local_only,l_TOP19,0.0147,0.0867
Astacus astacus,local_only,l_TOP20,0.031,0.0856
Astacus astacus,local_only,l_TOP21,-0.0236,0.0005
Astacus astacus,local_only,l_TOP22,-0.2355,0.4079
Astacus astacus,local_only,l_TOP23,-0.2574,0.4039
Astacus astacus,local_only,l_TOP24,-0.2461,0.4096
Astacus astacus,local_only,l_TOP25,,0.0
Astacus astacus,local_only,l_TOP26,0.148,0.1228
Astacus astacus,local_only,l_TOP27,0.1229,0.1066
Astacus astacus,local_only,l_TOP28,0.1072,0.0926
Astacus astacus,local_only,l_TOP29,0.7032,0.4105
Astacus astacus,local_only,l_TOP30,0.7034,0.4105
Astacus astacus,local_only,l_TOP31,0.7033,0.4105
Astacus astacus,local_only,l_TOP32,0.2694,0.1336
Astacus astacus,local_only,l_TOP33,,0.0
Astacus astacus,local_only,l_TOP34,0.2521,0.1264
Astacus astacus,local_only,l_TOP35,0.2589,0.1397
Astacus astacus,local_only,l_TOP36,0.2694,0.1342
Astacus astacus,local_only,l_TOP37,,0.0
Astacus astacus,local_only,l_TOP38,0.3876,0.1916
Astacus astacus,local_only,l_TOP39,0.3682,0.193
Astacus astacus,local_only,l_TOP40,0.3761,0.1896
Astacus astacus,local_only,l_TOP41,0.0224,0.0006
Astacus astacus,local_only,l_TOP42,0.3751,0.255
Astacus astacus,local_only,l_TOP43,0.3041,0.2494
Astacus astacus,local_only,l_TOP44,0.341,0.2628
Astacus astacus,local_only,l_TOP45,0.026,0.0006
Astacus astacus,local_only,l_TOP46,-0.002,0.1422
Astacus astacus,local_only,l_TOP47,-0.0565,0.1076
Astacus astacus,local_only,l_TOP48,-0.0576,0.0879
Astacus astacus,local_only,l_TOP49,-0.4176,0.2367
Astacus astacus,local_only,l_TOP50,0.4134,0.2827
Astacus astacus,local_only,l_TOP51,0.3624,0.249
Astacus astacus,local_only,l_TOP52,0.3944,0.279
Astacus astacus,local_only,l_TOP53,1.0794,0.5296
Astacus astacus,local_only,l_TOP54,1.025,0.5305
Astacus astacus,local_only,l_TOP55,1.0758,0.5369
Astacus astacus,local_only,l_TOP56,0.4716,0.353
Astacus astacus,local_only,l_TOP57,,0.0
Astacus astacus,local_only,l_TOP58,0.489,0.3647
Astacus astacus,local_only,l_TOP59,0.5376,0.3804
Astacus astacus,local_only,l_TOP60,0.4717,0.353
Astacus astacus,local_only,l_TOP61,-0.0139,0.3433
Astacus astacus,local_only,l_TOP62,-0.0365,0.3874
Astacus astacus,local_only,l_TOP63,-0.0248,0.3987
Astacus astacus,local_only,l_TOP64,-0.0391,0.3337
Astacus astacus,local_only,l_TOP65,0.5171,0.3756
Astacus astacus,local_only,l_TOP66,0.6,0.4083
Astacus astacus,local_only,l_TOP67,0.6113,0.4137
Astacus astacus,local_only,l_TOP68,0.535,0.3669
Astacus astacus,local_only,l_TOP69,0.3993,0.2746
Astacus astacus,local_only,l_TOP70,-0.036,0.3798
Astacus astacus,local_only,l_TOP71,-0.0258,0.4134
Astacus astacus,local_only,l_TOP72,-0.0321,0.3429
Astacus astacus,local_only,l_TOP73,0.4947,0.3798
Astacus astacus,local_only,l_TOP74,0.6833,0.4124
Astacus astacus,local_only,l_TOP75,0.6842,0.4215
Astacus astacus,local_only,l_TOP76,0.6172,0.3638
Astacus astacus,local_only,l_TOP77,,0.0
Astacus astacus,local_only,l_TOP78,0.4798,0.3981
Astacus astacus,local_only,l_TOP79,0.4888,0.3998
Astacus astacus,local_only,l_TOP80,0.4926,0.4061
Astacus astacus,local_only,l_TOP81,,0.0
Astacus astacus,local_only,l_TOP82,0.4798,0.3981
Astacus astacus,local_only,l_TOP83,0.4568,0.3963
Astacus astacus,local_only,l_TOP84,0.4926,0.4073
Astacus astacus,local_only,l_TOP85,0.3885,0.2472
Astacus astacus,local_only,l_TOP86,-0.0334,0.3765
Astacus astacus,local_only,l_TOP87,-0.0231,0.4068
Astacus astacus,local_only,l_TOP88,-0.0289,0.3354
Astacus astacus,local_only,l_TOP89,0.3503,0.2521
Astacus astacus,local_only,l_TOP90,0.6287,0.3831
Astacus astacus,local_only,l_TOP91,0.609,0.4197
Astacus astacus,local_only,l_TOP92,0.5751,0.3538
Astacus astacus,local_only,l_TOP93,0.2838,0.3143
Astacus astacus,local_only,l_TOP94,0.204,0.1024
Astacus astacus,local_only,l_TOP95,0.2215,0.1142
Astacus astacus,local_only,l_TOP96,0.1967,0.0972
Astacus astacus,local_only,l_TOP97,0.0379,0.2269
Astacus astacus,local_only,l_TOP98,0.204,0.1024
Astacus astacus,local_only,l_TOP99,0.1975,0.094
Astacus astacus,local_only,l_TOP100,0.2062,0.1081
Astacus astacus,local_only,l_TOP101,0.1519,0.346
Astacus astacus,local_only,l_TOP102,0.2883,0.4691
Astacus astacus,local_only,l_TOP103,0.2108,0.0892
Astacus astacus,local_only,l_TOP104,0.0048,0.1542
Astacus astacus,local_only,l_TOP105,-0.892,0.4119
Astacus astacus,local_only,l_TOP106,-0.8107,0.3769
Astacus astacus,local_only,l_TOP107,0.6238,0.2435
Astacus astacus,local_only,l_TOP133,-0.0289,0.0206
Astacus astacus,local_only,l_TOP134,0.0154,0.3702
Astacus astacus,local_only,l_TOP135,0.004,0.3659
Astacus astacus,local_only,l_TOP136,0.0122,0.3745
Astacus astacus,local_only,l_TOP137,0.0611,0.2137
Astacus astacus,local_only,l_TOP138,-0.0598,0.0832
Astacus astacus,local_only,l_TOP139,0.0579,0.1307
Astacus astacus,local_only,l_TOP140,-0.0694,0.0852
Astacus astacus,local_only,l_TOP141,-0.2573,0.1795
Astacus astacus,local_only,l_TOP142,-0.9825,0.4477
Astacus astacus,local_only,l_TOP143,-0.7392,0.3646
Astacus astacus,local_only,l_TOP144,-0.9612,0.4329
Astacus astacus,upstream_only,u_CLI3,0.5042,0.3752
Astacus astacus,upstream_only,u_CLI7,0.6556,0.4206
Astacus astacus,upstream_only,u_CLI11,1.3302,0.5247
Astacus astacus,upstream_only,u_CLI15,-1.5295,0.5368
Astacus astacus,upstream_only,u_CLI19,-0.1133,0.1916
Astacus astacus,upstream_only,u_CLI23,0.7131,0.3571
Astacus astacus,upstream_only,u_CLI27,-0.9504,0.439
Astacus astacus,upstream_only,u_CLI31,-0.2881,0.1305
Astacus astacus,upstream_only,u_CLI35,0.2999,0.3534
Astacus astacus,upstream_only,u_CLI39,-0.0774,0.2292
Astacus astacus,upstream_only,u_CLI43,0.8835,0.4247
Astacus astacus,upstream_only,u_CLI47,0.9279,0.5089
Astacus astacus,upstream_only,u_CLI51,0.6271,0.383
Astacus astacus,upstream_only,u_CLI55,1.0401,0.4877
Astacus astacus,upstream_only,u_CLI59,-0.6932,0.4298
Astacus astacus,upstream_only,u_CLI63,0.6995,0.3967
Astacus astacus,upstream_only,u_CLI67,1.1015,0.5069
Astacus astacus,upstream_only,u_CLI71,0.8232,0.3811
Astacus astacus,upstream_only,u_CLI75,0.7272,0.4595
Astacus astacus,upstream_only,u_TOP126,0.0456,0.074
Astacus astacus,upstream_only,u_TOP130,0.0127,0.1069
Astacus astacus,upstream_only,u_LAC1,0.1541,0.0807
Astacus astacus,upstream_only,u_LAC2,-0.0765,0.0252
Astacus astacus,upstream_only,u_LAC3,-0.0723,0.1654
Astacus astacus,upstream_only,u_LAC4,0.0261,0.2016
Astacus astacus,upstream_only,u_LAC5,,0.0
Astacus astacus,upstream_only,u_LAC6,-0.3223,0.312
Astacus astacus,upstream_only,u_LAC7,0.0703,0.16
Astacus astacus,upstream_only,u_LAC8,0.0866,0.02
Astacus astacus,upstream_only,u_LAC9,-0.3685,0.2059
Astacus astacus,upstream_only,u_LAC10,0.2087,0.1197
Astacus astacus,upstream_only,u_LAC11,0.0191,0.0241
Astacus astacus,upstream_only,u_LAC12,-0.1073,0.0285
Astacus astacus,upstream_only,u_LAC13,0.4857,0.182
Astacus astacus,upstream_only,u_LAC14,0.0254,0.0013
Astacus astacus,upstream_only,u_LAC15,0.0845,0.0244
Astacus astacus,upstream_only,u_LAC16,-0.0488,0.0025
Astacus astacus,upstream_only,u_LAC17,,0.0
Astacus astacus,upstream_only,u_LAC18,-0.2501,0.1795
Astacus astacus,upstream_only,u_LAC19,0.3734,0.2352
Astacus astacus,upstream_only,u_LAC20,0.1395,0.0312
Astacus astacus,upstream_only,u_LAC21,-0.3722,0.2855
Astacus astacus,upstream_only,u_LAC22,0.1424,0.0248
Astacus astacus,upstream_only,u_SOL3,0.1869,0.085
Astacus astacus,upstream_only,u_SOL11,0.3301,0.2903
Astacus astacus,upstream_only,u_SOL15,-0.6225,0.3516
Astacus astacus,upstream_only,u_SOL19,0.7509,0.3903
Astacus astacus,upstream_only,u_SOL7,0.4072,0.3069
Astacus astacus,upstream_only,u_SOL39,-0.6028,0.2871
Astacus astacus,upstream_only,u_SOL43,-0.3123,0.1773
Astacus astacus,upstream_only,u_SOL27,-0.1203,0.06
Astacus astacus,upstream_only,u_SOL31,-0.3349,0.1747
Astacus astacus,upstream_only,u_SOL23,0.9227,0.4479
Astacus astacus,upstream_only,u_SOL47,0.0593,0.0899
Astacus astacus,upstream_only,u_SOL55,-0.3256,0.1527
Astacus astacus,upstream_only,u_SOL59,0.1136,0.1129
Astacus astacus,upstream_only,u_SOL35,-0.8319,0.4017
Astacus astacus,upstream_only,u_SOL51,-0.0699,0.0045
Astacus astacus,upstream_only,u_TOP105,-0.892,0.4119
Astacus astacus,upstream_only,u_TOP110,0.3476,0.2343
Astacus astacus,upstream_only,u_TOP111,0.3879,0.2266
Astacus astacus,upstream_only,u_TOP112,0.0593,0.0993
Astacus astacus,upstream_only,u_TOP113,-0.0418,0.3236
Astacus astacus,upstream_only,u_TOP114,0.6869,0.3811
Astacus astacus,upstream_only,u_TOP117,0.5225,0.3681
Astacus astacus,upstream_only,u_TOP119,0.5236,0.3659
Astacus astacus,upstream_only,u_TOP122,0.8551,0.4819
Astacus astacus,upstream_only,u_TOP3,-0.5236,0.3184
Astacus astacus,upstream_only,u_TOP7,-0.5262,0.3171
Astacus astacus,upstream_only,u_TOP11,0.2259,0.3342
Astacus astacus,upstream_only,u_TOP15,0.5423,0.3293
Astacus astacus,upstream_only,u_TOP19,0.4872,0.2661
Astacus astacus,upstream_only,u_TOP23,-0.2221,0.3357
Astacus astacus,upstream_only,u_TOP27,0.2855,0.1612
Astacus astacus,upstream_only,u_TOP31,0.711,0.3987
Astacus astacus,upstream_only,u_TOP35,0.4034,0.2298
Astacus astacus,upstream_only,u_TOP39,-0.2204,0.1863
Astacus astacus,upstream_only,u_TOP43,-0.221,0.2877
Astacus astacus,upstream_only,u_TOP47,0.2278,0.2954
Astacus astacus,upstream_only,u_TOP51,0.4663,0.3252
Astacus astacus,upstream_only,u_TOP55,0.8966,0.4916
Astacus astacus,upstream_only,u_TOP59,0.5151,0.3496
Astacus astacus,upstream_only,u_TOP63,0.0472,0.3634
Astacus astacus,upstream_only,u_TOP67,0.5185,0.3739
Astacus astacus,upstream_only,u_TOP71,0.0626,0.3578
Astacus astacus,upstream_only,u_TOP75,0.5214,0.3607
Astacus astacus,upstream_only,u_TOP79,-0.1836,0.3363
Astacus astacus,upstream_only,u_TOP83,-0.1796,0.337
Astacus astacus,upstream_only,u_TOP87,0.0602,0.3548
Astacus astacus,upstream_only,u_TOP91,0.4858,0.3479
Astacus astacus,upstream_only,u_TOP95,0.4526,0.2403
Astacus astacus,upstream_only,u_TOP99,0.4321,0.2333
Astacus astacus,upstream_only,u_TOP103,-0.1893,0.1871
Astacus astacus,upstream_only,u_TOP135,-0.0468,0.2219
Astacus astacus,upstream_only,u_TOP139,0.4084,0.2818
Astacus astacus,upstream_only,u_TOP143,-0.5751,0.3013
Procambarus clarkii (native),local_only,l_CLI1,-0.2796,0.1257
Procambarus clarkii (native),local_only,l_CLI2,-0.2806,0.125
Procambarus clarkii (native),local_only,l_CLI3,-0.2802,0.1272
Procambarus clarkii (native),local_only,l_CLI4,0.023,0.0149
Procambarus clarkii (native),local_only,l_CLI5,-0.168,0.1345
Procambarus clarkii (native),local_only,l_CLI6,-0.1674,0.1361
Procambarus clarkii (native),local_only,l_CLI7,-0.1686,0.1362
Procambarus clarkii (native),local_only,l_CLI8,0.0816,0.0336
Procambarus clarkii (native),local_only,l_CLI9,-0.3557,0.182
Procambarus clarkii (native),local_only,l_CLI10,-0.356,0.1789
Procambarus clarkii (native),local_only,l_CLI11,-0.3566,0.1804
Procambarus clarkii (native),local_only,l_CLI12,0.0589,0.034
Procambarus clarkii (native),local_only,l_CLI13,0.2669,0.1505
Procambarus clarkii (native),local_only,l_CLI14,0.267,0.1497
Procambarus clarkii (native),local_only,l_CLI15,0.2672,0.1498
Procambarus clarkii (native),local_only,l_CLI16,0.0201,0.0442
Procambarus clarkii (native),local_only,l_CLI17,-0.2166,0.1191
Procambarus clarkii (native),local_only,l_CLI18,-0.2172,0.1205
Procambarus clarkii (native),local_only,l_CLI19,-0.2172,0.1223
Procambarus clarkii (native),local_only,l_CLI20,0.009,0.011
Procambarus clarkii (native),local_only,l_CLI21,-0.2633,0.144
Procambarus clarkii (native),local_only,l_CLI22,-0.2632,0.1441
Procambarus clarkii (native),local_only,l_CLI23,-0.2632,0.145
Procambarus clarkii (native),local_only,l_CLI24,0.0006,0.0316
Procambarus clarkii (native),local_only,l_CLI25,0.1463,0.144
Procambarus clarkii (native),local_only,l_CLI26,0.147,0.1459
Procambarus clarkii (native),local_only,l_CLI27,0.1464,0.1463
Procambarus clarkii (native),local_only,l_CLI28,0.0065,0.015
Procambarus clarkii (native),local_only,l_CLI29,-0.2604,0.1407
Procambarus clarkii (native),local_only,l_CLI30,-0.2573,0.1381
Procambarus clarkii (native),local_only,l_CLI31,-0.2557,0.1384
Procambarus clarkii (native),local_only,l_CLI32,0.0048,0.0261
Procambarus clarkii (native),local_only,l_CLI33,0.2925,0.1658
Procambarus clarkii (native),local_only,l_CLI34,0.294,0.1638
Procambarus clarkii (native),local_only,l_CLI35,0.2923,0.1645
Procambarus clarkii (native),local_only,l_CLI36,0.0309,0.0452
Procambarus clarkii (native),local_only,l_CLI37,-0.1742,0.0926
Procambarus clarkii (native),local_only,l_CLI38,-0.1753,0.0966
Procambarus clarkii (native),local_only,l_CLI39,-0.1744,0.096
Procambarus clarkii (native),local_only,l_CLI40,0.0156,0.0182
Procambarus clarkii (native),local_only,l_CLI41,-0.2892,0.1435
Procambarus clarkii (native),local_only,l_CLI42,-0.2879,0.1428
Procambarus clarkii (native),local_only,l_CLI43,-0.2887,0.144
Procambarus clarkii (native),local_only,l_CLI44,0.0604,0.0338
Procambarus clarkii (native),local_only,l_CLI45,0.144,0.1244
Procambarus clarkii (native),local_only,l_CLI46,0.1442,0.1287
Procambarus clarkii (native),local_only,l_CLI47,0.1439,0.126
Procambarus clarkii (native),local_only,l_CLI48,0.0392,0.0367
Procambarus clarkii (native),local_only,l_CLI49,0.0941,0.1119
Procambarus clarkii (native),local_only,l_CLI50,0.0953,0.1145
Procambarus clarkii (native),local_only,l_CLI51,0.0945,0.1113
Procambarus clarkii (native),local_only,l_CLI52,0.0403,0.0208
Procambarus clarkii (native),local_only,l_CLI53,0.0922,0.1187
Procambarus clarkii (native),local_only,l_CLI54,0.094,0.1188
Procambarus clarkii (native),local_only,l_CLI55,0.093,0.1187
Procambarus clarkii (native),local_only,l_CLI56,0.0572,0.0524
Procambarus clarkii (native),local_only,l_CLI57,-0.1735,0.1316
Procambarus clarkii (native),local_only,l_CLI58,-0.1727,0.1305
Procambarus clarkii (native),local_only,l_CLI59,-0.173,0.1317
Procambarus clarkii (native),local_only,l_CLI60,0.0279,0.019
Procambarus clarkii (native),local_only,l_CLI61,0.1137,0.1191
Procambarus clarkii (native),local_only,l_CLI62,0.1139,0.1192
Procambarus clarkii (native),local_only,l_CLI63,0.1136,0.1201
Procambarus clarkii (native),local_only,l_CLI64,0.0376,0.0302
Procambarus clarkii (native),local_only,l_CLI65,0.1364,0.1265
Procambarus clarkii (native),local_only,l_CLI66,0.1368,0.127
Procambarus clarkii (native),local_only,l_CLI67,0.1363,0.127
Procambarus clarkii (native),local_only,l_CLI68,0.0437,0.0243
Procambarus clarkii (native),local_only,l_CLI69,0.0373,0.1009
Procambarus clarkii (native),local_only,l_CLI70,0.0383,0.0988
Procambarus clarkii (native),local_only,l_CLI71,0.0376,0.1002
Procambarus clarkii (native),local_only,l_CLI72,0.0338,0.0289
Procambarus clarkii (native),local_only,l_CLI73,0.1957,0.1315
Procambarus clarkii (native),local_only,l_CLI74,0.1956,0.1309
Procambarus clarkii (native),local_only,l_CLI75,0.1955,0.1315
Procambarus clarkii (native),local_only,l_CLI76,0.0504,0.0387
Procambarus clarkii (native),local_only,l_TOP124,-0.0112,0.1161
Procambarus clarkii (native),local_only,l_TOP125,-0.0109,0.0424
Procambarus clarkii (native),local_only,l_TOP126,0.0338,0.0505
Procambarus clarkii (native),local_only,l_TOP127,0.0135,0.0474
Procambarus clarkii (native),local_only,l_TOP128,-0.0143,0.0858
Procambarus clarkii (native),local_only,l_TOP129,-0.0043,0.0362
Procambarus clarkii (native),local_only,l_TOP130,0.04,0.0268
Procambarus clarkii (native),local_only,l_TOP131,0.0201,0.0401
Procambarus clarkii (native),local_only,l_LAC1,0.0951,0.0408
Procambarus clarkii (native),local_only,l_LAC2,,0.0
Procambarus clarkii (native),local_only,l_LAC3,-0.0353,0.0102
Procambarus clarkii (native),local_only,l_LAC4,0.0862,0.022
Procambarus clarkii (native),local_only,l_LAC5,,0.0
Procambarus clarkii (native),local_only,l_LAC6,0.1361,0.0387
Procambarus clarkii (native),local_only,l_LAC7,-0.1511,0.0718
Procambarus clarkii (native),local_only,l_LAC8,0.0437,0.0128
Procambarus clarkii (native),local_only,l_LAC9,-0.0594,0.0099
Procambarus clarkii (native),local_only,l_LAC10,-0.0442,0.0178
Procambarus clarkii (native),local_only,l_LAC11,0.0554,0.0023
Procambarus clarkii (native),local_only,l_LAC12,-0.0527,0.0169
Procambarus clarkii (native),local_only,l_LAC13,-0.0244,0.0348
Procambarus clarkii (native),local_only,l_LAC14,,0.0
Procambarus clarkii (native),local_only,l_LAC15,-0.0421,0.0016
Procambarus clarkii (native),local_only,l_LAC16,0.1127,0.0597
Procambarus clarkii (native),local_only,l_LAC17,-0.0323,0.0005
Procambarus clarkii (native),local_only,l_LAC18,0.0879,0.0156
Procambarus clarkii (native),local_only,l_LAC19,-0.1481,0.0751
Procambarus clarkii (native),local_only,l_LAC20,0.004,0.0017
Procambarus clarkii (native),local_only,l_LAC21,0.0935,0.0359
Procambarus clarkii (native),local_only,l_LAC22,,0.0
Procambarus clarkii (native),local_only,l_SOL1,0.0847,0.0469
Procambarus clarkii (native),local_only,l_SOL2,0.0821,0.0389
Procambarus clarkii (native),local_only,l_SOL3,0.092,0.0536
Procambarus clarkii (native),local_only,l_SOL4,0.0566,0.0326
Procambarus clarkii (native),local_only,l_SOL9,-0.1448,0.065
Procambarus clarkii (native),local_only,l_SOL10,-0.1012,0.0601
Procambarus clarkii (native),local_only,l_SOL11,-0.1194,0.0682
Procambarus clarkii (native),local_only,l_SOL12,0.1215,0.0659
Procambarus clarkii (native),local_only,l_SOL13,-0.195,0.1169
Procambarus clarkii (native),local_only,l_SOL14,-0.1785,0.1078
Procambarus clarkii (native),local_only,l_SOL15,-0.1904,0.1127
Procambarus clarkii (native),local_only,l_SOL16,0.0603,0.0401
Procambarus clarkii (native),local_only,l_SOL17,0.272,0.122
Procambarus clarkii (native),local_only,l_SOL18,0.2892,0.1394
Procambarus clarkii (native),local_only,l_SOL19,0.2814,0.1352
Procambarus clarkii (native),local_only,l_SOL20,0.1622,0.0927
Procambarus clarkii (native),local_only,l_SOL5,0.0781,0.0657
Procambarus clarkii (native),local_only,l_SOL6,0.078,0.0588
Procambarus clarkii (native),local_only,l_SOL7,0.0839,0.0735
Procambarus clarkii (native),local_only,l_SOL8,0.0415,0.0196
Procambarus clarkii (native),local_only,l_SOL37,-0.0017,0.0697
Procambarus clarkii (native),local_only,l_SOL38,0.0207,0.0632
Procambarus clarkii (native),local_only,l_SOL39,0.0087,0.0714
Procambarus clarkii (native),local_only,l_SOL40,0.035,0.0221
Procambarus clarkii (native),local_only,l_SOL41,-0.1906,0.1213
Procambarus clarkii (native),local_only,l_SOL42,-0.1901,0.1196
Procambarus clarkii (native),local_only,l_SOL43,-0.1929,0.1265
Procambarus clarkii (native),local_only,l_SOL44,0.0252,0.0406
Procambarus clarkii (native),local_only,l_SOL25,-0.1321,0.0991
Procambarus clarkii (native),local_only,l_SOL26,-0.1376,0.0969
Procambarus clarkii (native),local_only,l_SOL27,-0.1402,0.1033
Procambarus clarkii (native),local_only,l_SOL28,0.0419,0.0374
Procambarus clarkii (native),local_only,l_SOL29,0.0496,0.0403
Procambarus clarkii (native),local_only,l_SOL30,0.05,0.0407
Procambarus clarkii (native),local_only,l_SOL31,0.0602,0.0526
Procambarus clarkii (native),local_only,l_SOL32,0.046,0.05
Procambarus clarkii (native),local_only,l_SOL21,-0.2075,0.1285
Procambarus clarkii (native),local_only,l_SOL22,-0.2084,0.1222
Procambarus clarkii (native),local_only,l_SOL23,-0.2107,0.1257
Procambarus clarkii (native),local_only,l_SOL24,-0.1057,0.0741
Procambarus clarkii (native),local_only,l_SOL45,0.1733,0.1157
Procambarus clarkii (native),local_only,l_SOL46,0.1518,0.0955
Procambarus clarkii (native),local_only,l_SOL47,0.1748,0.1248
Procambarus clarkii (native),local_only,l_SOL48,0.0215,0.0174
Procambarus clarkii (native),local_only,l_SOL53,0.0146,0.0039
Procambarus clarkii (native),local_only,l_SOL54,0.0213,0.0016
Procambarus clarkii (native),local_only,l_SOL55,0.0114,0.0039
Procambarus clarkii (native),local_only,l_SOL56,-0.0003,0.0039
Procambarus clarkii (native),local_only,l_SOL57,-0.0623,0.0454
Procambarus clarkii (native),local_only,l_SOL58,-0.0838,0.0531
Procambarus clarkii (native),local_only,l_SOL59,-0.0685,0.0612
Procambarus clarkii (native),local_only,l_SOL60,-0.0793,0.033
Procambarus clarkii (native),local_only,l_SOL33,0.0559,0.019
Procambarus clarkii (native),local_only,l_SOL34,0.0604,0.0212
Procambarus clarkii (native),local_only,l_SOL35,0.0597,0.0209
Procambarus clarkii (native),local_only,l_SOL36,0.0481,0.0181
Procambarus clarkii (native),local_only,l_SOL49,-0.0551,0.0044
Procambarus clarkii (native),local_only,l_SOL50,-0.0886,0.0108
Procambarus clarkii (native),local_only,l_SOL51,-0.085,0.0112
Procambarus clarkii (native),local_only,l_SOL52,-0.0863,0.0069
Procambarus clarkii (native),local_only,l_TOP108,-0.0431,0.0338
Procambarus clarkii (native),local_only,l_TOP109,0.1722,0.1098
Procambarus clarkii (native),local_only,l_TOP110,0.0812,0.0455
Procambarus clarkii (native),local_only,l_TOP111,0.0695,0.0344
Procambarus clarkii (native),local_only,l_TOP112,0.1053,0.0474
Procambarus clarkii (native),local_only,l_TOP113,-0.043,0.0237
Procambarus clarkii (native),local_only,l_TOP132,-0.0429,0.0224
Procambarus clarkii (native),local_only,l_TOP114,0.1594,0.1144
Procambarus clarkii (native),local_only,l_TOP115,-0.1316,0.1337
Procambarus clarkii (native),local_only,l_TOP116,-0.1337,0.1333
Procambarus clarkii (native),local_only,l_TOP117,-0.0174,0.0618
Procambarus clarkii (native),local_only,l_TOP118,-0.0452,0.0716
Procambarus clarkii (native),local_only,l_TOP119,-0.0299,0.0847
Procambarus clarkii (native),local_only,l_TOP120,-0.1337,0.1333
Procambarus clarkii (native),local_only,l_TOP121,-0.1319,0.1306
Procambarus clarkii (native),local_only,l_TOP122,-0.132,0.1328
Procambarus clarkii (native),local_only,l_TOP123,-0.0401,0.0691
Procambarus clarkii (native),local_only,l_TOP1,0.0576,0.0457
Procambarus clarkii (native),local_only,l_TOP2,-0.0445,0.041
Procambarus clarkii (native),local_only,l_TOP3,0.0626,0.0634
Procambarus clarkii (native),local_only,l_TOP4,-0.0648,0.0523
Procambarus clarkii (native),local_only,l_TOP5,0.0574,0.0469
Procambarus clarkii (native),local_only,l_TOP6,-0.0799,0.0483
Procambarus clarkii (native),local_only,l_TOP7,0.0615,0.0548
Procambarus clarkii (native),local_only,l_TOP8,-0.0688,0.0472
Procambarus clarkii (native),local_only,l_TOP9,-0.0477,0.0203
Procambarus clarkii (native),local_only,l_TOP10,-0.053,0.0447
Procambarus clarkii (native),local_only,l_TOP11,-0.0629,0.0569
Procambarus clarkii (native),local_only,l_TOP12,-0.0484,0.0477
Procambarus clarkii (native),local_only,l_TOP13,-0.0406,0.0265
Procambarus clarkii (native),local_only,l_TOP14,-0.0395,0.046
Procambarus clarkii (native),local_only,l_TOP15,-0.0548,0.0562
Procambarus clarkii (native),local_only,l_TOP16,-0.04,0.0448
Procambarus clarkii (native),local_only,l_TOP17,-0.0428,0.001
Procambarus clarkii (native),local_only,l_TOP18,0.0908,0.0382
Procambarus clarkii (native),local_only,l_TOP19,0.0761,0.0442
Procambarus clarkii (native),local_only,l_TOP20,0.0832,0.0327
Procambarus clarkii (native),local_only,l_TOP21,-0.0325,0.001
Procambarus clarkii (native),local_only,l_TOP22,-0.043,0.0272
Procambarus clarkii (native),local_only,l_TOP23,-0.0399,0.0311
Procambarus clarkii (native),local_only,l_TOP24,-0.043,0.0298
Procambarus clarkii (native),local_only,l_TOP25,,0.0
Procambarus clarkii (native),local_only,l_TOP26,0.1006,0.0438
Procambarus clarkii (native),local_only,l_TOP27,0.1124,0.0468
Procambarus clarkii (native),local_only,l_TOP28,0.0992,0.0411
Procambarus clarkii (native),local_only,l_TOP29,0.1592,0.1144
Procambarus clarkii (native),local_only,l_TOP30,0.1595,0.1144
Procambarus clarkii (native),local_only,l_TOP31,0.1593,0.1144
Procambarus clarkii (native),local_only,l_TOP32,0.0892,0.0433
Procambarus clarkii (native),local_only,l_TOP33,,0.0
Procambarus clarkii (native),local_only,l_TOP34,0.0888,0.044
Procambarus clarkii (native),local_only,l_TOP35,0.0881,0.0407
Procambarus clarkii (native),local_only,l_TOP36,0.0892,0.0433
Procambarus clarkii (native),local_only,l_TOP37,,0.0
Procambarus clarkii (native),local_only,l_TOP38,0.1127,0.0523
Procambarus clarkii (native),local_only,l_TOP39,0.1057,0.0421
Procambarus clarkii (native),local_only,l_TOP40,0.1018,0.0342
Procambarus clarkii (native),local_only,l_TOP41,-0.038,0.001
Procambarus clarkii (native),local_only,l_TOP42,-0.0468,0.0482
Procambarus clarkii (native),local_only,l_TOP43,-0.0686,0.0551
Procambarus clarkii (native),local_only,l_TOP44,-0.0588,0.0461
Procambarus clarkii (native),local_only,l_TOP45,-0.0323,0.0005
Procambarus clarkii (native),local_only,l_TOP46,-0.0875,0.0627
Procambarus clarkii (native),local_only,l_TOP47,-0.0852,0.0612
Procambarus clarkii (native),local_only,l_TOP48,-0.0858,0.0666
Procambarus clarkii (native),local_only,l_TOP49,0.0077,0.0332
Procambarus clarkii (native),local_only,l_TOP50,-0.0553,0.052
Procambarus clarkii (native),local_only,l_TOP51,-0.0459,0.0439
Procambarus clarkii (native),local_only,l_TOP52,-0.0531,0.0504
Procambarus clarkii (native),local_only,l_TOP53,-0.1476,0.1328
Procambarus clarkii (native),local_only,l_TOP54,-0.1457,0.1306
Procambarus clarkii (native),local_only,l_TOP55,-0.1459,0.1329
Procambarus clarkii (native),local_only,l_TOP56,-0.0401,0.0709
Procambarus clarkii (native),local_only,l_TOP57,,0.0
Procambarus clarkii (native),local_only,l_TOP58,-0.0513,0.0738
Procambarus clarkii (native),local_only,l_TOP59,-0.0322,0.078
Procambarus clarkii (native),local_only,l_TOP60,-0.04,0.0666
Procambarus clarkii (native),local_only,l_TOP61,0.093,0.0682
Procambarus clarkii (native),local_only,l_TOP62,0.0872,0.0656
Procambarus clarkii (native),local_only,l_TOP63,0.0912,0.0713
Procambarus clarkii (native),local_only,l_TOP64,0.0815,0.0471
Procambarus clarkii (native),local_only,l_TOP65,-0.015,0.0387
Procambarus clarkii (native),local_only,l_TOP66,-0.0141,0.0712
Procambarus clarkii (native),local_only,l_TOP67,-0.0121,0.0733
Procambarus clarkii (native),local_only,l_TOP68,-0.0171,0.0703
Procambarus clarkii (native),local_only,l_TOP69,-0.0095,0.0325
Procambarus clarkii (native),local_only,l_TOP70,0.0872,0.0637
Procambarus clarkii (native),local_only,l_TOP71,0.0902,0.0833
Procambarus clarkii (native),local_only,l_TOP72,0.0888,0.0637
Procambarus clarkii (native),local_only,l_TOP73,-0.0282,0.0689
Procambarus clarkii (native),local_only,l_TOP74,-0.0162,0.0708
Procambarus clarkii (native),local_only,l_TOP75,-0.0275,0.0866
Procambarus clarkii (native),local_only,l_TOP76,-0.0148,0.0602
Procambarus clarkii (native),local_only,l_TOP77,,0.0
Procambarus clarkii (native),local_only,l_TOP78,-0.0097,0.05
Procambarus clarkii (native),local_only,l_TOP79,-0.0112,0.054
Procambarus clarkii (native),local_only,l_TOP80,-0.0121,0.0548
Procambarus clarkii (native),local_only,l_TOP81,,0.0
Procambarus clarkii (native),local_only,l_TOP82,-0.0097,0.05
Procambarus clarkii (native),local_only,l_TOP83,-0.0098,0.0513
Procambarus clarkii (native),local_only,l_TOP84,-0.012,0.0573
Procambarus clarkii (native),local_only,l_TOP85,-0.0162,0.0195
Procambarus clarkii (native),local_only,l_TOP86,0.0854,0.0587
Procambarus clarkii (native),local_only,l_TOP87,0.0875,0.0803
Procambarus clarkii (native),local_only,l_TOP88,0.0862,0.0665
Procambarus clarkii (native),local_only,l_TOP89,-0.0051,0.0156
Procambarus clarkii (native),local_only,l_TOP90,-0.0204,0.0554
Procambarus clarkii (native),local_only,l_TOP91,-0.0283,0.0724
Procambarus clarkii (native),local_only,l_TOP92,-0.0317,0.061
Procambarus clarkii (native),local_only,l_TOP93,-0.0231,0.0692
Procambarus clarkii (native),local_only,l_TOP94,0.0818,0.0455
Procambarus clarkii (native),local_only,l_TOP95,0.0822,0.0474
Procambarus clarkii (native),local_only,l_TOP96,0.0813,0.0423
Procambarus clarkii (native),local_only,l_TOP97,-0.0819,0.1005
Procambarus clarkii (native),local_only,l_TOP98,0.0818,0.0455
Procambarus clarkii (native),local_only,l_TOP99,0.0797,0.0421
Procambarus clarkii (native),local_only,l_TOP100,0.0833,0.0495
Procambarus clarkii (native),local_only,l_TOP101,-0.1253,0.1036
Procambarus clarkii (native),local_only,l_TOP102,-0.0201,0.136
Procambarus clarkii (native),local_only,l_TOP103,-0.1089,0.0586
Procambarus clarkii (native),local_only,l_TOP104,0.0937,0.0771
Procambarus clarkii (native),local_only,l_TOP105,-0.0147,0.0338
Procambarus clarkii (native),local_only,l_TOP106,-0.008,0.0104
Procambarus clarkii (native),local_only,l_TOP107,0.0449,0.0153
Procambarus clarkii (native),local_only,l_TOP133,-0.0349,0.0088
Procambarus clarkii (native),local_only,l_TOP134,-0.0467,0.0255
Procambarus clarkii (native),local_only,l_TOP135,-0.0539,0.0393
Procambarus clarkii (native),local_only,l_TOP136,-0.0494,0.0354
Procambarus clarkii (native),local_only,l_TOP137,-0.0951,0.0757
Procambarus clarkii (native),local_only,l_TOP138,-0.0106,0.0507
Procambarus clarkii (native),local_only,l_TOP139,-0.0241,0.0696
Procambarus clarkii (native),local_only,l_TOP140,-0.0133,0.0502
Procambarus clarkii (native),local_only,l_TOP141,0.0545,0.0496
Procambarus clarkii (native),local_only,l_TOP142,0.0277,0.0278
Procambarus clarkii (native),local_only,l_TOP143,0.0444,0.0482
Procambarus clarkii (native),local_only,l_TOP144,-0.0079,0.0402
Procambarus clarkii (native),upstream_only,u_CLI3,-0.1918,0.1292
Procambarus clarkii (native),upstream_only,u_CLI7,-0.1686,0.1338
Procambarus clarkii (native),upstream_only,u_CLI11,-0.3445,0.1845
Procambarus clarkii (native),upstream_only,u_CLI15,0.2556,0.162
Procambarus clarkii (native),upstream_only,u_CLI19,-0.1315,0.1033
Procambarus clarkii (native),upstream_only,u_CLI23,-0.2068,0.1526
Procambarus clarkii (native),upstream_only,u_CLI27,0.1467,0.1579
Procambarus clarkii (native),upstream_only,u_CLI31,-0.2493,0.138
Procambarus clarkii (native),upstream_only,u_CLI35,0.3069,0.156
Procambarus clarkii (native),upstream_only,u_CLI39,-0.0453,0.0606
Procambarus clarkii (native),upstream_only,u_CLI43,-0.2276,0.1487
Procambarus clarkii (native),upstream_only,u_CLI47,0.1531,0.1108
Procambarus clarkii (native),upstream_only,u_CLI51,0.1084,0.1014
Procambarus clarkii (native),upstream_only,u_CLI55,0.1078,0.1126
Procambarus clarkii (native),upstream_only,u_CLI59,-0.1738,0.1196
Procambarus clarkii (native),upstream_only,u_CLI63,0.1181,0.1048
Procambarus clarkii (native),upstream_only,u_CLI67,0.1485,0.1203
Procambarus clarkii (native),upstream_only,u_CLI71,0.0325,0.0916
Procambarus clarkii (native),upstream_only,u_CLI75,0.203,0.1405
Procambarus clarkii (native),upstream_only,u_TOP126,-0.0085,0.0835
Procambarus clarkii (native),upstream_only,u_TOP130,-0.0025,0.0546
Procambarus clarkii (native),upstream_only,u_LAC1,0.1694,0.0856
Procambarus clarkii (native),upstream_only,u_LAC2,,0.0
Procambarus clarkii (native),upstream_only,u_LAC3,-0.0285,0.0516
Procambarus clarkii (native),upstream_only,u_LAC4,0.2197,0.0787
Procambarus clarkii (native),upstream_only,u_LAC5,,0.0
Procambarus clarkii (native),upstream_only,u_LAC6,0.2097,0.0881
Procambarus clarkii (native),upstream_only,u_LAC7,-0.1443,0.1016
Procambarus clarkii (native),upstream_only,u_LAC8,0.0685,0.031
Procambarus clarkii (native),upstream_only,u_LAC9,0.0299,0.0144
Procambarus clarkii (native),upstream_only,u_LAC10,-0.0021,0.0458
Procambarus clarkii (native),upstream_only,u_LAC11,-0.0123,0.04
Procambarus clarkii (native),upstream_only,u_LAC12,-0.0721,0.0651
Procambarus clarkii (native),upstream_only,u_LAC13,-0.0126,0.0211
Procambarus clarkii (native),upstream_only,u_LAC14,,0.0
Procambarus clarkii (native),upstream_only,u_LAC15,-0.0949,0.0326
Procambarus clarkii (native),upstream_only,u_LAC16,-0.0096,0.1037
Procambarus clarkii (native),upstream_only,u_LAC17,,0.0
Procambarus clarkii (native),upstream_only,u_LAC18,0.0723,0.065
Procambarus clarkii (native),upstream_only,u_LAC19,-0.1109,0.0764
Procambarus clarkii (native),upstream_only,u_LAC20,-0.016,0.0228
Procambarus clarkii (native),upstream_only,u_LAC21,0.149,0.0756
Procambarus clarkii (native),upstream_only,u_LAC22,,0.0
Procambarus clarkii (native),upstream_only,u_SOL3,0.0114,0.0359
Procambarus clarkii (native),upstream_only,u_SOL11,-0.1908,0.0973
Procambarus clarkii (native),upstream_only,u_SOL15,-0.1986,0.1245
Procambarus clarkii (native),upstream_only,u_SOL19,0.3096,0.142
Procambarus clarkii (native),upstream_only,u_SOL7,0.0285,0.0505
Procambarus clarkii (native),upstream_only,u_SOL39,-0.0129,0.0879
Procambarus clarkii (native),upstream_only,u_SOL43,-0.201,0.1221
Procambarus clarkii (native),upstream_only,u_SOL27,-0.0808,0.0918
Procambarus clarkii (native),upstream_only,u_SOL31,-0.0019,0.0537
Procambarus clarkii (native),upstream_only,u_SOL23,-0.229,0.1373
Procambarus clarkii (native),upstream_only,u_SOL47,0.1934,0.1142
Procambarus clarkii (native),upstream_only,u_SOL55,0.1192,0.0333
Procambarus clarkii (native),upstream_only,u_SOL59,-0.1486,0.0873
Procambarus clarkii (native),upstream_only,u_SOL35,0.0324,0.0316
Procambarus clarkii (native),upstream_only,u_SOL51,-0.05,0.0113
Procambarus clarkii (native),upstream_only,u_TOP105,-0.0147,0.0338
Procambarus clarkii (native),upstream_only,u_TOP110,0.0763,0.0373
Procambarus clarkii (native),upstream_only,u_TOP111,0.0766,0.0355
Procambarus clarkii (native),upstream_only,u_TOP112,0.0266,0.0316
Procambarus clarkii (native),upstream_only,u_TOP113,-0.0249,0.0578
Procambarus clarkii (native),upstream_only,u_TOP114,0.1028,0.1149
Procambarus clarkii (native),upstream_only,u_TOP117,-0.1461,0.0963
Procambarus clarkii (native),upstream_only,u_TOP119,-0.156,0.086
Procambarus clarkii (native),upstream_only,u_TOP122,-0.1775,0.1387
Procambarus clarkii (native),upstream_only,u_TOP3,0.0639,0.0515
Procambarus clarkii (native),upstream_only,u_TOP7,0.0639,0.0485
Procambarus clarkii (native),upstream_only,u_TOP11,0.201,0.0485
Procambarus clarkii (native),upstream_only,u_TOP15,-0.0543,0.0507
Procambarus clarkii (native),upstream_only,u_TOP19,0.1265,0.0602
Procambarus clarkii (native),upstream_only,u_TOP23,-0.1883,0.0352
Procambarus clarkii (native),upstream_only,u_TOP27,0.1151,0.0516
Procambarus clarkii (native),upstream_only,u_TOP31,0.1321,0.1218
Procambarus clarkii (native),upstream_only,u_TOP35,0.1405,0.0357
Procambarus clarkii (native),upstream_only,u_TOP39,-0.1783,0.068
Procambarus clarkii (native),upstream_only,u_TOP43,-0.2318,0.0832
Procambarus clarkii (native),upstream_only,u_TOP47,-0.2814,0.0973
Procambarus clarkii (native),upstream_only,u_TOP51,-0.1101,0.0563
Procambarus clarkii (native),upstream_only,u_TOP55,-0.1589,0.1265
Procambarus clarkii (native),upstream_only,u_TOP59,-0.1267,0.0792
Procambarus clarkii (native),upstream_only,u_TOP63,-0.0286,0.065
Procambarus clarkii (native),upstream_only,u_TOP67,-0.1132,0.073
Procambarus clarkii (native),upstream_only,u_TOP71,-0.0346,0.0869
Procambarus clarkii (native),upstream_only,u_TOP75,-0.1495,0.0861
Procambarus clarkii (native),upstream_only,u_TOP79,-0.2025,0.1118
Procambarus clarkii (native),upstream_only,u_TOP83,-0.1996,0.1062
Procambarus clarkii (native),upstream_only,u_TOP87,-0.0438,0.1001
Procambarus clarkii (native),upstream_only,u_TOP91,-0.1669,0.1001
Procambarus clarkii (native),upstream_only,u_TOP95,0.1794,0.0432
Procambarus clarkii (native),upstream_only,u_TOP99,0.1814,0.0506
Procambarus clarkii (native),upstream_only,u_TOP103,-0.2204,0.0727
Procambarus clarkii (native),upstream_only,u_TOP135,-0.0374,0.0298
Procambarus clarkii (native),upstream_only,u_TOP139,-0.186,0.0898
Procambarus clarkii (native),upstream_only,u_TOP143,0.1408,0.0881
Pontastacus leptodactylus (pooled),local_only,l_CLI1,0.1182,0.1318
Pontastacus leptodactylus (pooled),local_only,l_CLI2,0.1465,0.1592
Pontastacus leptodactylus (pooled),local_only,l_CLI3,0.1321,0.1461
Pontastacus leptodactylus (pooled),local_only,l_CLI4,0.2075,0.0877
Pontastacus leptodactylus (pooled),local_only,l_CLI5,0.1528,0.1804
Pontastacus leptodactylus (pooled),local_only,l_CLI6,0.155,0.1872
Pontastacus leptodactylus (pooled),local_only,l_CLI7,0.154,0.1857
Pontastacus leptodactylus (pooled),local_only,l_CLI8,0.0191,0.0351
Pontastacus leptodactylus (pooled),local_only,l_CLI9,0.3078,0.1718
Pontastacus leptodactylus (pooled),local_only,l_CLI10,0.3136,0.1721
Pontastacus leptodactylus (pooled),local_only,l_CLI11,0.3116,0.1731
Pontastacus leptodactylus (pooled),local_only,l_CLI12,0.1622,0.0871
Pontastacus leptodactylus (pooled),local_only,l_CLI13,-0.1965,0.2318
Pontastacus leptodactylus (pooled),local_only,l_CLI14,-0.1929,0.2285
Pontastacus leptodactylus (pooled),local_only,l_CLI15,-0.1952,0.2338
Pontastacus leptodactylus (pooled),local_only,l_CLI16,0.1389,0.0479
Pontastacus leptodactylus (pooled),local_only,l_CLI17,-0.0377,0.07
Pontastacus leptodactylus (pooled),local_only,l_CLI18,-0.0103,0.1034
Pontastacus leptodactylus (pooled),local_only,l_CLI19,-0.0252,0.0936
Pontastacus leptodactylus (pooled),local_only,l_CLI20,0.2214,0.0805
Pontastacus leptodactylus (pooled),local_only,l_CLI21,0.1438,0.1179
Pontastacus leptodactylus (pooled),local_only,l_CLI22,0.1582,0.1316
Pontastacus leptodactylus (pooled),local_only,l_CLI23,0.1507,0.1274
Pontastacus leptodactylus (pooled),local_only,l_CLI24,0.1783,0.0606
Pontastacus leptodactylus (pooled),local_only,l_CLI25,-0.1413,0.2007
Pontastacus leptodactylus (pooled),local_only,l_CLI26,-0.1371,0.1981
Pontastacus leptodactylus (pooled),local_only,l_CLI27,-0.1398,0.2018
Pontastacus leptodactylus (pooled),local_only,l_CLI28,0.1522,0.0862
Pontastacus leptodactylus (pooled),local_only,l_CLI29,0.0964,0.0756
Pontastacus leptodactylus (pooled),local_only,l_CLI30,0.1066,0.074
Pontastacus leptodactylus (pooled),local_only,l_CLI31,0.1028,0.075
Pontastacus leptodactylus (pooled),local_only,l_CLI32,0.0768,0.0939
Pontastacus leptodactylus (pooled),local_only,l_CLI33,0.0055,0.0631
Pontastacus leptodactylus (pooled),local_only,l_CLI34,0.0158,0.0734
Pontastacus leptodactylus (pooled),local_only,l_CLI35,0.0105,0.0688
Pontastacus leptodactylus (pooled),local_only,l_CLI36,0.1315,0.0783
Pontastacus leptodactylus (pooled),local_only,l_CLI37,-0.0277,0.089
Pontastacus leptodactylus (pooled),local_only,l_CLI38,0.003,0.1104
Pontastacus leptodactylus (pooled),local_only,l_CLI39,-0.0136,0.1015
Pontastacus leptodactylus (pooled),local_only,l_CLI40,0.2148,0.0811
Pontastacus leptodactylus (pooled),local_only,l_CLI41,0.178,0.1473
Pontastacus leptodactylus (pooled),local_only,l_CLI42,0.1935,0.1539
Pontastacus leptodactylus (pooled),local_only,l_CLI43,0.1856,0.1493
Pontastacus leptodactylus (pooled),local_only,l_CLI44,0.1977,0.0849
Pontastacus leptodactylus (pooled),local_only,l_CLI45,0.3676,0.2228
Pontastacus leptodactylus (pooled),local_only,l_CLI46,0.3777,0.2227
Pontastacus leptodactylus (pooled),local_only,l_CLI47,0.3729,0.2218
Pontastacus leptodactylus (pooled),local_only,l_CLI48,0.2302,0.1308
Pontastacus leptodactylus (pooled),local_only,l_CLI49,0.3101,0.1572
Pontastacus leptodactylus (pooled),local_only,l_CLI50,0.3198,0.1677
Pontastacus leptodactylus (pooled),local_only,l_CLI51,0.315,0.1592
Pontastacus leptodactylus (pooled),local_only,l_CLI52,0.2175,0.1124
Pontastacus leptodactylus (pooled),local_only,l_CLI53,0.2918,0.2071
Pontastacus leptodactylus (pooled),local_only,l_CLI54,0.3032,0.2036
Pontastacus leptodactylus (pooled),local_only,l_CLI55,0.2975,0.2082
Pontastacus leptodactylus (pooled),local_only,l_CLI56,0.2314,0.1344
Pontastacus leptodactylus (pooled),local_only,l_CLI57,-0.1522,0.1186
Pontastacus leptodactylus (pooled),local_only,l_CLI58,-0.1493,0.1181
Pontastacus leptodactylus (pooled),local_only,l_CLI59,-0.151,0.1193
Pontastacus leptodactylus (pooled),local_only,l_CLI60,0.1109,0.0782
Pontastacus leptodactylus (pooled),local_only,l_CLI61,0.3371,0.168
Pontastacus leptodactylus (pooled),local_only,l_CLI62,0.3458,0.1692
Pontastacus leptodactylus (pooled),local_only,l_CLI63,0.3416,0.1735
Pontastacus leptodactylus (pooled),local_only,l_CLI64,0.2209,0.127
Pontastacus leptodactylus (pooled),local_only,l_CLI65,0.3249,0.2316
Pontastacus leptodactylus (pooled),local_only,l_CLI66,0.3363,0.2291
Pontastacus leptodactylus (pooled),local_only,l_CLI67,0.3306,0.231
Pontastacus leptodactylus (pooled),local_only,l_CLI68,0.2373,0.1481
Pontastacus leptodactylus (pooled),local_only,l_CLI69,0.3587,0.1741
Pontastacus leptodactylus (pooled),local_only,l_CLI70,0.3679,0.1807
Pontastacus leptodactylus (pooled),local_only,l_CLI71,0.3633,0.1754
Pontastacus leptodactylus (pooled),local_only,l_CLI72,0.2408,0.1328
Pontastacus leptodactylus (pooled),local_only,l_CLI73,0.1717,0.1783
Pontastacus leptodactylus (pooled),local_only,l_CLI74,0.1825,0.1815
Pontastacus leptodactylus (pooled),local_only,l_CLI75,0.1767,0.1785
Pontastacus leptodactylus (pooled),local_only,l_CLI76,0.1929,0.122
Pontastacus leptodactylus (pooled),local_only,l_TOP124,-0.0117,0.11
Pontastacus leptodactylus (pooled),local_only,l_TOP125,-0.1277,0.0949
Pontastacus leptodactylus (pooled),local_only,l_TOP126,-0.0918,0.0784
Pontastacus leptodactylus (pooled),local_only,l_TOP127,-0.1173,0.0544
Pontastacus leptodactylus (pooled),local_only,l_TOP128,-0.0058,0.0715
Pontastacus leptodactylus (pooled),local_only,l_TOP129,-0.1119,0.0945
Pontastacus leptodactylus (pooled),local_only,l_TOP130,-0.0837,0.0901
Pontastacus leptodactylus (pooled),local_only,l_TOP131,-0.1059,0.0631
Pontastacus leptodactylus (pooled),local_only,l_LAC1,0.131,0.0625
Pontastacus leptodactylus (pooled),local_only,l_LAC2,-0.0168,0.0093
Pontastacus leptodactylus (pooled),local_only,l_LAC3,-0.1306,0.0471
Pontastacus leptodactylus (pooled),local_only,l_LAC4,-0.0045,0.0078
Pontastacus leptodactylus (pooled),local_only,l_LAC5,-0.0558,0.002
Pontastacus leptodactylus (pooled),local_only,l_LAC6,0.0519,0.0245
Pontastacus leptodactylus (pooled),local_only,l_LAC7,-0.011,0.0115
Pontastacus leptodactylus (pooled),local_only,l_LAC8,0.0241,0.0009
Pontastacus leptodactylus (pooled),local_only,l_LAC9,0.0282,0.0097
Pontastacus leptodactylus (pooled),local_only,l_LAC10,-0.0327,0.012
Pontastacus leptodactylus (pooled),local_only,l_LAC11,-0.07,0.0051
Pontastacus leptodactylus (pooled),local_only,l_LAC12,-0.0442,0.0049
Pontastacus leptodactylus (pooled),local_only,l_LAC13,0.1079,0.0775
Pontastacus leptodactylus (pooled),local_only,l_LAC14,,0.0
Pontastacus leptodactylus (pooled),local_only,l_LAC15,-0.0013,0.0063
Pontastacus leptodactylus (pooled),local_only,l_LAC16,-0.0405,0.0029
Pontastacus leptodactylus (pooled),local_only,l_LAC17,,0.0
Pontastacus leptodactylus (pooled),local_only,l_LAC18,-0.0286,0.0072
Pontastacus leptodactylus (pooled),local_only,l_LAC19,0.0755,0.0451
Pontastacus leptodactylus (pooled),local_only,l_LAC20,-0.0217,0.0073
Pontastacus leptodactylus (pooled),local_only,l_LAC21,-0.2461,0.1293
Pontastacus leptodactylus (pooled),local_only,l_LAC22,,0.0
Pontastacus leptodactylus (pooled),local_only,l_SOL1,-0.0115,0.0514
Pontastacus leptodactylus (pooled),local_only,l_SOL2,-0.0921,0.096
Pontastacus leptodactylus (pooled),local_only,l_SOL3,-0.0608,0.0971
Pontastacus leptodactylus (pooled),local_only,l_SOL4,-0.1842,0.0919
Pontastacus leptodactylus (pooled),local_only,l_SOL9,0.1519,0.1073
Pontastacus leptodactylus (pooled),local_only,l_SOL10,0.1576,0.1318
Pontastacus leptodactylus (pooled),local_only,l_SOL11,0.1577,0.1242
Pontastacus leptodactylus (pooled),local_only,l_SOL12,-0.0284,0.0412
Pontastacus leptodactylus (pooled),local_only,l_SOL13,-0.0411,0.0976
Pontastacus leptodactylus (pooled),local_only,l_SOL14,-0.0717,0.079
Pontastacus leptodactylus (pooled),local_only,l_SOL15,-0.0652,0.0993
Pontastacus leptodactylus (pooled),local_only,l_SOL16,-0.1256,0.1023
Pontastacus leptodactylus (pooled),local_only,l_SOL17,-0.0233,0.0644
Pontastacus leptodactylus (pooled),local_only,l_SOL18,-0.0685,0.0717
Pontastacus leptodactylus (pooled),local_only,l_SOL19,-0.034,0.0769
Pontastacus leptodactylus (pooled),local_only,l_SOL20,-0.1585,0.1123
Pontastacus leptodactylus (pooled),local_only,l_SOL5,0.074,0.0693
Pontastacus leptodactylus (pooled),local_only,l_SOL6,0.0511,0.0562
Pontastacus leptodactylus (pooled),local_only,l_SOL7,0.0686,0.0781
Pontastacus leptodactylus (pooled),local_only,l_SOL8,-0.0829,0.0537
Pontastacus leptodactylus (pooled),local_only,l_SOL37,-0.1211,0.0723
Pontastacus leptodactylus (pooled),local_only,l_SOL38,-0.131,0.0765
Pontastacus leptodactylus (pooled),local_only,l_SOL39,-0.1492,0.0921
Pontastacus leptodactylus (pooled),local_only,l_SOL40,-0.1448,0.0733
Pontastacus leptodactylus (pooled),local_only,l_SOL41,-0.0436,0.0498
Pontastacus leptodactylus (pooled),local_only,l_SOL42,-0.0452,0.0575
Pontastacus leptodactylus (pooled),local_only,l_SOL43,-0.0437,0.0633
Pontastacus leptodactylus (pooled),local_only,l_SOL44,-0.0258,0.0407
Pontastacus leptodactylus (pooled),local_only,l_SOL25,0.1253,0.0705
Pontastacus leptodactylus (pooled),local_only,l_SOL26,0.0384,0.0511
Pontastacus leptodactylus (pooled),local_only,l_SOL27,0.0934,0.0534
Pontastacus leptodactylus (pooled),local_only,l_SOL28,-0.2339,0.1026
Pontastacus leptodactylus (pooled),local_only,l_SOL29,-0.0531,0.0924
Pontastacus leptodactylus (pooled),local_only,l_SOL30,-0.0789,0.1049
Pontastacus leptodactylus (pooled),local_only,l_SOL31,-0.0587,0.0999
Pontastacus leptodactylus (pooled),local_only,l_SOL32,-0.0985,0.0658
Pontastacus leptodactylus (pooled),local_only,l_SOL21,0.2734,0.1849
Pontastacus leptodactylus (pooled),local_only,l_SOL22,0.2561,0.1616
Pontastacus leptodactylus (pooled),local_only,l_SOL23,0.262,0.1753
Pontastacus leptodactylus (pooled),local_only,l_SOL24,0.0285,0.0381
Pontastacus leptodactylus (pooled),local_only,l_SOL45,-0.0583,0.0213
Pontastacus leptodactylus (pooled),local_only,l_SOL46,-0.0403,0.0489
Pontastacus leptodactylus (pooled),local_only,l_SOL47,-0.0262,0.0516
Pontastacus leptodactylus (pooled),local_only,l_SOL48,0.0034,0.0258
Pontastacus leptodactylus (pooled),local_only,l_SOL53,-0.0936,0.038
Pontastacus leptodactylus (pooled),local_only,l_SOL54,-0.0458,0.0128
Pontastacus leptodactylus (pooled),local_only,l_SOL55,-0.0811,0.0394
Pontastacus leptodactylus (pooled),local_only,l_SOL56,0.078,0.0341
Pontastacus leptodactylus (pooled),local_only,l_SOL57,0.1103,0.0628
Pontastacus leptodactylus (pooled),local_only,l_SOL58,0.1325,0.0749
Pontastacus leptodactylus (pooled),local_only,l_SOL59,0.1233,0.0712
Pontastacus leptodactylus (pooled),local_only,l_SOL60,-0.0096,0.0351
Pontastacus leptodactylus (pooled),local_only,l_SOL33,-0.2915,0.1227
Pontastacus leptodactylus (pooled),local_only,l_SOL34,-0.2738,0.1205
Pontastacus leptodactylus (pooled),local_only,l_SOL35,-0.2917,0.1333
Pontastacus leptodactylus (pooled),local_only,l_SOL36,-0.1428,0.0675
Pontastacus leptodactylus (pooled),local_only,l_SOL49,-0.0375,0.0007
Pontastacus leptodactylus (pooled),local_only,l_SOL50,0.0222,0.0018
Pontastacus leptodactylus (pooled),local_only,l_SOL51,0.0107,0.0018
Pontastacus leptodactylus (pooled),local_only,l_SOL52,0.0462,0.0032
Pontastacus leptodactylus (pooled),local_only,l_TOP108,-0.063,0.1508
Pontastacus leptodactylus (pooled),local_only,l_TOP109,0.1348,0.0971
Pontastacus leptodactylus (pooled),local_only,l_TOP110,0.0046,0.0263
Pontastacus leptodactylus (pooled),local_only,l_TOP111,-0.0108,0.0291
Pontastacus leptodactylus (pooled),local_only,l_TOP112,0.1822,0.1038
Pontastacus leptodactylus (pooled),local_only,l_TOP113,-0.0968,0.1483
Pontastacus leptodactylus (pooled),local_only,l_TOP132,-0.0896,0.1675
Pontastacus leptodactylus (pooled),local_only,l_TOP114,0.0834,0.0846
Pontastacus leptodactylus (pooled),local_only,l_TOP115,0.2467,0.2054
Pontastacus leptodactylus (pooled),local_only,l_TOP116,0.2214,0.194
Pontastacus leptodactylus (pooled),local_only,l_TOP117,0.2299,0.1217
Pontastacus leptodactylus (pooled),local_only,l_TOP118,0.2294,0.1283
Pontastacus leptodactylus (pooled),local_only,l_TOP119,0.2478,0.1286
Pontastacus leptodactylus (pooled),local_only,l_TOP120,0.2214,0.194
Pontastacus leptodactylus (pooled),local_only,l_TOP121,0.2525,0.2064
Pontastacus leptodactylus (pooled),local_only,l_TOP122,0.2429,0.2046
Pontastacus leptodactylus (pooled),local_only,l_TOP123,0.1939,0.0823
Pontastacus leptodactylus (pooled),local_only,l_TOP1,-0.0882,0.056
Pontastacus leptodactylus (pooled),local_only,l_TOP2,0.1132,0.0497
Pontastacus leptodactylus (pooled),local_only,l_TOP3,-0.1516,0.0619
Pontastacus leptodactylus (pooled),local_only,l_TOP4,0.0934,0.0568
Pontastacus leptodactylus (pooled),local_only,l_TOP5,-0.0876,0.056
Pontastacus leptodactylus (pooled),local_only,l_TOP6,0.0751,0.0372
Pontastacus leptodactylus (pooled),local_only,l_TOP7,-0.1407,0.0575
Pontastacus leptodactylus (pooled),local_only,l_TOP8,0.0922,0.0612
Pontastacus leptodactylus (pooled),local_only,l_TOP9,0.0712,0.0413
Pontastacus leptodactylus (pooled),local_only,l_TOP10,0.1668,0.0736
Pontastacus leptodactylus (pooled),local_only,l_TOP11,0.1659,0.0705
Pontastacus leptodactylus (pooled),local_only,l_TOP12,0.1173,0.0629
Pontastacus leptodactylus (pooled),local_only,l_TOP13,0.0892,0.0757
Pontastacus leptodactylus (pooled),local_only,l_TOP14,0.1469,0.059
Pontastacus leptodactylus (pooled),local_only,l_TOP15,0.1724,0.0624
Pontastacus leptodactylus (pooled),local_only,l_TOP16,0.1117,0.0587
Pontastacus leptodactylus (pooled),local_only,l_TOP17,-0.0504,0.0013
Pontastacus leptodactylus (pooled),local_only,l_TOP18,-0.0327,0.0438
Pontastacus leptodactylus (pooled),local_only,l_TOP19,-0.0465,0.0643
Pontastacus leptodactylus (pooled),local_only,l_TOP20,-0.0396,0.0541
Pontastacus leptodactylus (pooled),local_only,l_TOP21,-0.0367,0.0013
Pontastacus leptodactylus (pooled),local_only,l_TOP22,-0.0968,0.1434
Pontastacus leptodactylus (pooled),local_only,l_TOP23,-0.1038,0.1524
Pontastacus leptodactylus (pooled),local_only,l_TOP24,-0.0955,0.1557
Pontastacus leptodactylus (pooled),local_only,l_TOP25,,0.0
Pontastacus leptodactylus (pooled),local_only,l_TOP26,0.0158,0.0467
Pontastacus leptodactylus (pooled),local_only,l_TOP27,0.0234,0.0582
Pontastacus leptodactylus (pooled),local_only,l_TOP28,0.0024,0.0381
Pontastacus leptodactylus (pooled),local_only,l_TOP29,0.0834,0.0846
Pontastacus leptodactylus (pooled),local_only,l_TOP30,0.0834,0.0846
Pontastacus leptodactylus (pooled),local_only,l_TOP31,0.0834,0.0846
Pontastacus leptodactylus (pooled),local_only,l_TOP32,0.0325,0.0549
Pontastacus leptodactylus (pooled),local_only,l_TOP33,,0.0
Pontastacus leptodactylus (pooled),local_only,l_TOP34,0.0252,0.0506
Pontastacus leptodactylus (pooled),local_only,l_TOP35,0.0262,0.0573
Pontastacus leptodactylus (pooled),local_only,l_TOP36,0.0325,0.0556
Pontastacus leptodactylus (pooled),local_only,l_TOP37,,0.0
Pontastacus leptodactylus (pooled),local_only,l_TOP38,0.0548,0.062
Pontastacus leptodactylus (pooled),local_only,l_TOP39,0.0913,0.0894
Pontastacus leptodactylus (pooled),local_only,l_TOP40,0.059,0.058
Pontastacus leptodactylus (pooled),local_only,l_TOP41,,0.0
Pontastacus leptodactylus (pooled),local_only,l_TOP42,0.1416,0.0796
Pontastacus leptodactylus (pooled),local_only,l_TOP43,0.1138,0.0697
Pontastacus leptodactylus (pooled),local_only,l_TOP44,0.1208,0.0743
Pontastacus leptodactylus (pooled),local_only,l_TOP45,-0.0373,0.0013
Pontastacus leptodactylus (pooled),local_only,l_TOP46,-0.0252,0.0452
Pontastacus leptodactylus (pooled),local_only,l_TOP47,-0.0346,0.0575
Pontastacus leptodactylus (pooled),local_only,l_TOP48,-0.0398,0.0493
Pontastacus leptodactylus (pooled),local_only,l_TOP49,-0.2207,0.0866
Pontastacus leptodactylus (pooled),local_only,l_TOP50,0.169,0.0839
Pontastacus leptodactylus (pooled),local_only,l_TOP51,0.1387,0.053
Pontastacus leptodactylus (pooled),local_only,l_TOP52,0.16,0.0792
Pontastacus leptodactylus (pooled),local_only,l_TOP53,0.2511,0.1907
Pontastacus leptodactylus (pooled),local_only,l_TOP54,0.2801,0.2039
Pontastacus leptodactylus (pooled),local_only,l_TOP55,0.2722,0.2006
Pontastacus leptodactylus (pooled),local_only,l_TOP56,0.1941,0.0823
Pontastacus leptodactylus (pooled),local_only,l_TOP57,,0.0
Pontastacus leptodactylus (pooled),local_only,l_TOP58,0.2114,0.0827
Pontastacus leptodactylus (pooled),local_only,l_TOP59,0.2353,0.0915
Pontastacus leptodactylus (pooled),local_only,l_TOP60,0.1941,0.0823
Pontastacus leptodactylus (pooled),local_only,l_TOP61,-0.0098,0.1366
Pontastacus leptodactylus (pooled),local_only,l_TOP62,-0.0038,0.1238
Pontastacus leptodactylus (pooled),local_only,l_TOP63,-0.0017,0.1308
Pontastacus leptodactylus (pooled),local_only,l_TOP64,0.0021,0.1133
Pontastacus leptodactylus (pooled),local_only,l_TOP65,0.2167,0.1134
Pontastacus leptodactylus (pooled),local_only,l_TOP66,0.222,0.1194
Pontastacus leptodactylus (pooled),local_only,l_TOP67,0.2374,0.1199
Pontastacus leptodactylus (pooled),local_only,l_TOP68,0.1858,0.1185
Pontastacus leptodactylus (pooled),local_only,l_TOP69,0.1361,0.1068
Pontastacus leptodactylus (pooled),local_only,l_TOP70,-0.0037,0.1132
Pontastacus leptodactylus (pooled),local_only,l_TOP71,0.0076,0.1283
Pontastacus leptodactylus (pooled),local_only,l_TOP72,0.0002,0.1102
Pontastacus leptodactylus (pooled),local_only,l_TOP73,0.1944,0.1572
Pontastacus leptodactylus (pooled),local_only,l_TOP74,0.2488,0.1166
Pontastacus leptodactylus (pooled),local_only,l_TOP75,0.2628,0.1307
Pontastacus leptodactylus (pooled),local_only,l_TOP76,0.2173,0.1066
Pontastacus leptodactylus (pooled),local_only,l_TOP77,,0.0
Pontastacus leptodactylus (pooled),local_only,l_TOP78,0.2174,0.1117
Pontastacus leptodactylus (pooled),local_only,l_TOP79,0.2226,0.1259
Pontastacus leptodactylus (pooled),local_only,l_TOP80,0.2215,0.1152
Pontastacus leptodactylus (pooled),local_only,l_TOP81,,0.0
Pontastacus leptodactylus (pooled),local_only,l_TOP82,0.2174,0.1117
Pontastacus leptodactylus (pooled),local_only,l_TOP83,0.2064,0.1117
Pontastacus leptodactylus (pooled),local_only,l_TOP84,0.2218,0.1156
Pontastacus leptodactylus (pooled),local_only,l_TOP85,0.1235,0.0705
Pontastacus leptodactylus (pooled),local_only,l_TOP86,-0.0309,0.1017
Pontastacus leptodactylus (pooled),local_only,l_TOP87,-0.0134,0.1261
Pontastacus leptodactylus (pooled),local_only,l_TOP88,-0.0257,0.103
Pontastacus leptodactylus (pooled),local_only,l_TOP89,0.1212,0.0714
Pontastacus leptodactylus (pooled),local_only,l_TOP90,0.2275,0.1066
Pontastacus leptodactylus (pooled),local_only,l_TOP91,0.2371,0.1294
Pontastacus leptodactylus (pooled),local_only,l_TOP92,0.2032,0.107
Pontastacus leptodactylus (pooled),local_only,l_TOP93,-0.0016,0.103
Pontastacus leptodactylus (pooled),local_only,l_TOP94,0.0042,0.0249
Pontastacus leptodactylus (pooled),local_only,l_TOP95,0.0046,0.0209
Pontastacus leptodactylus (pooled),local_only,l_TOP96,0.0093,0.0298
Pontastacus leptodactylus (pooled),local_only,l_TOP97,0.0422,0.1153
Pontastacus leptodactylus (pooled),local_only,l_TOP98,0.0042,0.0249
Pontastacus leptodactylus (pooled),local_only,l_TOP99,0.0065,0.0346
Pontastacus leptodactylus (pooled),local_only,l_TOP100,0.0073,0.0196
Pontastacus leptodactylus (pooled),local_only,l_TOP101,0.064,0.1227
Pontastacus leptodactylus (pooled),local_only,l_TOP102,0.1189,0.1848
Pontastacus leptodactylus (pooled),local_only,l_TOP103,0.1002,0.0492
Pontastacus leptodactylus (pooled),local_only,l_TOP104,0.003,0.0454
Pontastacus leptodactylus (pooled),local_only,l_TOP105,-0.2777,0.1427
Pontastacus leptodactylus (pooled),local_only,l_TOP106,-0.2321,0.1148
Pontastacus leptodactylus (pooled),local_only,l_TOP107,0.1356,0.0693
Pontastacus leptodactylus (pooled),local_only,l_TOP133,-0.0366,0.0103
Pontastacus leptodactylus (pooled),local_only,l_TOP134,-0.0983,0.15
Pontastacus leptodactylus (pooled),local_only,l_TOP135,-0.0943,0.163
Pontastacus leptodactylus (pooled),local_only,l_TOP136,-0.0927,0.1577
Pontastacus leptodactylus (pooled),local_only,l_TOP137,-0.0008,0.0601
Pontastacus leptodactylus (pooled),local_only,l_TOP138,-0.0697,0.0565
Pontastacus leptodactylus (pooled),local_only,l_TOP139,-0.0265,0.0579
Pontastacus leptodactylus (pooled),local_only,l_TOP140,-0.0674,0.0655
Pontastacus leptodactylus (pooled),local_only,l_TOP141,-0.055,0.075
Pontastacus leptodactylus (pooled),local_only,l_TOP142,-0.3404,0.1817
Pontastacus leptodactylus (pooled),local_only,l_TOP143,-0.2509,0.1145
Pontastacus leptodactylus (pooled),local_only,l_TOP144,-0.3251,0.1791
Pontastacus leptodactylus (pooled),upstream_only,u_CLI3,0.0884,0.1029
Pontastacus leptodactylus (pooled),upstream_only,u_CLI7,0.1078,0.1692
Pontastacus leptodactylus (pooled),upstream_only,u_CLI11,0.2233,0.1255
Pontastacus leptodactylus (pooled),upstream_only,u_CLI15,-0.126,0.2044
Pontastacus leptodactylus (pooled),upstream_only,u_CLI19,-0.0158,0.0554
Pontastacus leptodactylus (pooled),upstream_only,u_CLI23,0.0996,0.095
Pontastacus leptodactylus (pooled),upstream_only,u_CLI27,-0.0963,0.18
Pontastacus leptodactylus (pooled),upstream_only,u_CLI31,0.0799,0.0703
Pontastacus leptodactylus (pooled),upstream_only,u_CLI35,0.0069,0.0553
Pontastacus leptodactylus (pooled),upstream_only,u_CLI39,0.003,0.0697
Pontastacus leptodactylus (pooled),upstream_only,u_CLI43,0.125,0.1124
Pontastacus leptodactylus (pooled),upstream_only,u_CLI47,0.31,0.1725
Pontastacus leptodactylus (pooled),upstream_only,u_CLI51,0.2747,0.1677
Pontastacus leptodactylus (pooled),upstream_only,u_CLI55,0.246,0.1683
Pontastacus leptodactylus (pooled),upstream_only,u_CLI59,-0.081,0.0905
Pontastacus leptodactylus (pooled),upstream_only,u_CLI63,0.2962,0.1751
Pontastacus leptodactylus (pooled),upstream_only,u_CLI67,0.2678,0.1885
Pontastacus leptodactylus (pooled),upstream_only,u_CLI71,0.2892,0.1645
Pontastacus leptodactylus (pooled),upstream_only,u_CLI75,0.147,0.1439
Pontastacus leptodactylus (pooled),upstream_only,u_TOP126,-0.117,0.0377
Pontastacus leptodactylus (pooled),upstream_only,u_TOP130,-0.1013,0.06
Pontastacus leptodactylus (pooled),upstream_only,u_LAC1,0.0438,0.058
Pontastacus leptodactylus (pooled),upstream_only,u_LAC2,-0.0732,0.0422
Pontastacus leptodactylus (pooled),upstream_only,u_LAC3,-0.1029,0.0991
Pontastacus leptodactylus (pooled),upstream_only,u_LAC4,-0.0728,0.0447
Pontastacus leptodactylus (pooled),upstream_only,u_LAC5,-0.0797,0.0032
Pontastacus leptodactylus (pooled),upstream_only,u_LAC6,-0.1795,0.1258
Pontastacus leptodactylus (pooled),upstream_only,u_LAC7,-0.0164,0.0495
Pontastacus leptodactylus (pooled),upstream_only,u_LAC8,-0.0758,0.0096
Pontastacus leptodactylus (pooled),upstream_only,u_LAC9,0.0089,0.0515
Pontastacus leptodactylus (pooled),upstream_only,u_LAC10,0.0458,0.0479
Pontastacus leptodactylus (pooled),upstream_only,u_LAC11,0.1256,0.0425
Pontastacus leptodactylus (pooled),upstream_only,u_LAC12,0.0807,0.0159
Pontastacus leptodactylus (pooled),upstream_only,u_LAC13,0.1424,0.0794
Pontastacus leptodactylus (pooled),upstream_only,u_LAC14,,0.0
Pontastacus leptodactylus (pooled),upstream_only,u_LAC15,-0.0858,0.0259
Pontastacus leptodactylus (pooled),upstream_only,u_LAC16,-0.0591,0.0184
Pontastacus leptodactylus (pooled),upstream_only,u_LAC17,,0.0
Pontastacus leptodactylus (pooled),upstream_only,u_LAC18,0.0506,0.0634
Pontastacus leptodactylus (pooled),upstream_only,u_LAC19,0.0499,0.0449
Pontastacus leptodactylus (pooled),upstream_only,u_LAC20,-0.0451,0.0146
Pontastacus leptodactylus (pooled),upstream_only,u_LAC21,0.0096,0.1088
Pontastacus leptodactylus (pooled),upstream_only,u_LAC22,0.1368,0.0209
Pontastacus leptodactylus (pooled),upstream_only,u_SOL3,0.1908,0.0879
Pontastacus leptodactylus (pooled),upstream_only,u_SOL11,0.165,0.1435
Pontastacus leptodactylus (pooled),upstream_only,u_SOL15,-0.0637,0.0902
Pontastacus leptodactylus (pooled),upstream_only,u_SOL19,-0.048,0.0714
Pontastacus leptodactylus (pooled),upstream_only,u_SOL7,0.1711,0.1148
Pontastacus leptodactylus (pooled),upstream_only,u_SOL39,0.0292,0.0616
Pontastacus leptodactylus (pooled),upstream_only,u_SOL43,-0.0274,0.0448
Pontastacus leptodactylus (pooled),upstream_only,u_SOL27,-0.1453,0.0723
Pontastacus leptodactylus (pooled),upstream_only,u_SOL31,0.085,0.0792
Pontastacus leptodactylus (pooled),upstream_only,u_SOL23,0.3066,0.1864
Pontastacus leptodactylus (pooled),upstream_only,u_SOL47,-0.0509,0.0625
Pontastacus leptodactylus (pooled),upstream_only,u_SOL55,-0.1528,0.0851
Pontastacus leptodactylus (pooled),upstream_only,u_SOL59,0.1735,0.0973
Pontastacus leptodactylus (pooled),upstream_only,u_SOL35,-0.2719,0.1227
Pontastacus leptodactylus (pooled),upstream_only,u_SOL51,-0.001,0.0269
Pontastacus leptodactylus (pooled),upstream_only,u_TOP105,-0.2777,0.1427
Pontastacus leptodactylus (pooled),upstream_only,u_TOP110,0.0929,0.0854
Pontastacus leptodactylus (pooled),upstream_only,u_TOP111,0.091,0.08
Pontastacus leptodactylus (pooled),upstream_only,u_TOP112,0.0661,0.0535
Pontastacus leptodactylus (pooled),upstream_only,u_TOP113,-0.0437,0.1347
Pontastacus leptodactylus (pooled),upstream_only,u_TOP114,0.049,0.0678
Pontastacus leptodactylus (pooled),upstream_only,u_TOP117,0.1808,0.0981
Pontastacus leptodactylus (pooled),upstream_only,u_TOP119,0.1908,0.0861
Pontastacus leptodactylus (pooled),upstream_only,u_TOP122,0.1976,0.1832
Pontastacus leptodactylus (pooled),upstream_only,u_TOP3,-0.1834,0.0978
Pontastacus leptodactylus (pooled),upstream_only,u_TOP7,-0.1826,0.0992
Pontastacus leptodactylus (pooled),upstream_only,u_TOP11,0.1571,0.1045
Pontastacus leptodactylus (pooled),upstream_only,u_TOP15,0.2148,0.0896
Pontastacus leptodactylus (pooled),upstream_only,u_TOP19,0.0897,0.0955
Pontastacus leptodactylus (pooled),upstream_only,u_TOP23,-0.1512,0.1194
Pontastacus leptodactylus (pooled),upstream_only,u_TOP27,0.1039,0.0889
Pontastacus leptodactylus (pooled),upstream_only,u_TOP31,0.0852,0.0827
Pontastacus leptodactylus (pooled),upstream_only,u_TOP35,0.1208,0.1062
Pontastacus leptodactylus (pooled),upstream_only,u_TOP39,-0.1788,0.063
Pontastacus leptodactylus (pooled),upstream_only,u_TOP43,-0.1756,0.0786
Pontastacus leptodactylus (pooled),upstream_only,u_TOP47,0.0598,0.0826
Pontastacus leptodactylus (pooled),upstream_only,u_TOP51,0.1775,0.0867
Pontastacus leptodactylus (pooled),upstream_only,u_TOP55,0.2473,0.1856
Pontastacus leptodactylus (pooled),upstream_only,u_TOP59,0.1925,0.1038
Pontastacus leptodactylus (pooled),upstream_only,u_TOP63,-0.044,0.101
Pontastacus leptodactylus (pooled),upstream_only,u_TOP67,0.2134,0.1081
Pontastacus leptodactylus (pooled),upstream_only,u_TOP71,-0.0496,0.0936
Pontastacus leptodactylus (pooled),upstream_only,u_TOP75,0.1913,0.0948
Pontastacus leptodactylus (pooled),upstream_only,u_TOP79,-0.1297,0.0838
Pontastacus leptodactylus (pooled),upstream_only,u_TOP83,-0.1287,0.079
Pontastacus leptodactylus (pooled),upstream_only,u_TOP87,-0.0627,0.095
Pontastacus leptodactylus (pooled),upstream_only,u_TOP91,0.1688,0.0961
Pontastacus leptodactylus (pooled),upstream_only,u_TOP95,0.144,0.0819
Pontastacus leptodactylus (pooled),upstream_only,u_TOP99,0.1389,0.0919
Pontastacus leptodactylus (pooled),upstream_only,u_TOP103,-0.1609,0.0723
Pontastacus leptodactylus (pooled),upstream_only,u_TOP135,-0.0442,0.1133
Pontastacus leptodactylus (pooled),upstream_only,u_TOP139,0.1665,0.0793
Pontastacus leptodactylus (pooled),upstream_only,u_TOP143,-0.1532,0.0911
Austropotamobius torrentium (pooled),local_only,l_CLI1,-0.4831,0.2605
Austropotamobius torrentium (pooled),local_only,l_CLI2,-0.4932,0.2989
Austropotamobius torrentium (pooled),local_only,l_CLI3,-0.5057,0.2839
Austropotamobius torrentium (pooled),local_only,l_CLI4,0.0669,0.0859
Austropotamobius torrentium (pooled),local_only,l_CLI5,-0.8393,0.4243
Austropotamobius torrentium (pooled),local_only,l_CLI6,-0.8328,0.428
Austropotamobius torrentium (pooled),local_only,l_CLI7,-0.8372,0.428
Austropotamobius torrentium (pooled),local_only,l_CLI8,0.1503,0.0677
Austropotamobius torrentium (pooled),local_only,l_CLI9,-0.2146,0.1108
Austropotamobius torrentium (pooled),local_only,l_CLI10,-0.184,0.1029
Austropotamobius torrentium (pooled),local_only,l_CLI11,-0.1947,0.1103
Austropotamobius torrentium (pooled),local_only,l_CLI12,0.2259,0.1384
Austropotamobius torrentium (pooled),local_only,l_CLI13,-1.003,0.4655
Austropotamobius torrentium (pooled),local_only,l_CLI14,-0.9613,0.4688
Austropotamobius torrentium (pooled),local_only,l_CLI15,-0.9916,0.4652
Austropotamobius torrentium (pooled),local_only,l_CLI16,0.1413,0.1439
Austropotamobius torrentium (pooled),local_only,l_CLI17,-0.8102,0.3685
Austropotamobius torrentium (pooled),local_only,l_CLI18,-0.82,0.3774
Austropotamobius torrentium (pooled),local_only,l_CLI19,-0.8378,0.3897
Austropotamobius torrentium (pooled),local_only,l_CLI20,0.0806,0.0863
Austropotamobius torrentium (pooled),local_only,l_CLI21,0.0984,0.2097
Austropotamobius torrentium (pooled),local_only,l_CLI22,0.1113,0.2047
Austropotamobius torrentium (pooled),local_only,l_CLI23,0.098,0.2076
Austropotamobius torrentium (pooled),local_only,l_CLI24,0.0435,0.0763
Austropotamobius torrentium (pooled),local_only,l_CLI25,-1.0479,0.4668
Austropotamobius torrentium (pooled),local_only,l_CLI26,-1.0138,0.4683
Austropotamobius torrentium (pooled),local_only,l_CLI27,-1.0382,0.4747
Austropotamobius torrentium (pooled),local_only,l_CLI28,0.1481,0.1229
Austropotamobius torrentium (pooled),local_only,l_CLI29,0.3676,0.2582
Austropotamobius torrentium (pooled),local_only,l_CLI30,0.382,0.2708
Austropotamobius torrentium (pooled),local_only,l_CLI31,0.3719,0.2632
Austropotamobius torrentium (pooled),local_only,l_CLI32,0.0559,0.0817
Austropotamobius torrentium (pooled),local_only,l_CLI33,-0.4025,0.1709
Austropotamobius torrentium (pooled),local_only,l_CLI34,-0.3979,0.1744
Austropotamobius torrentium (pooled),local_only,l_CLI35,-0.4022,0.1718
Austropotamobius torrentium (pooled),local_only,l_CLI36,-0.0188,0.0877
Austropotamobius torrentium (pooled),local_only,l_CLI37,-0.7294,0.3452
Austropotamobius torrentium (pooled),local_only,l_CLI38,-0.7381,0.371
Austropotamobius torrentium (pooled),local_only,l_CLI39,-0.7567,0.375
Austropotamobius torrentium (pooled),local_only,l_CLI40,0.0814,0.0817
Austropotamobius torrentium (pooled),local_only,l_CLI41,-0.1174,0.0549
Austropotamobius torrentium (pooled),local_only,l_CLI42,-0.1152,0.0563
Austropotamobius torrentium (pooled),local_only,l_CLI43,-0.1265,0.0592
Austropotamobius torrentium (pooled),local_only,l_CLI44,0.0489,0.0696
Austropotamobius torrentium (pooled),local_only,l_CLI45,0.1204,0.2088
Austropotamobius torrentium (pooled),local_only,l_CLI46,0.1347,0.1998
Austropotamobius torrentium (pooled),local_only,l_CLI47,0.1276,0.2041
Austropotamobius torrentium (pooled),local_only,l_CLI48,0.2199,0.1048
Austropotamobius torrentium (pooled),local_only,l_CLI49,0.086,0.1309
Austropotamobius torrentium (pooled),local_only,l_CLI50,0.0989,0.1294
Austropotamobius torrentium (pooled),local_only,l_CLI51,0.0927,0.1304
Austropotamobius torrentium (pooled),local_only,l_CLI52,0.1889,0.0981
Austropotamobius torrentium (pooled),local_only,l_CLI53,0.2477,0.1475
Austropotamobius torrentium (pooled),local_only,l_CLI54,0.2628,0.1459
Austropotamobius torrentium (pooled),local_only,l_CLI55,0.2555,0.1462
Austropotamobius torrentium (pooled),local_only,l_CLI56,0.2872,0.1289
Austropotamobius torrentium (pooled),local_only,l_CLI57,-0.1008,0.1699
Austropotamobius torrentium (pooled),local_only,l_CLI58,-0.0969,0.1674
Austropotamobius torrentium (pooled),local_only,l_CLI59,-0.0989,0.1689
Austropotamobius torrentium (pooled),local_only,l_CLI60,0.199,0.1257
Austropotamobius torrentium (pooled),local_only,l_CLI61,0.1406,0.1658
Austropotamobius torrentium (pooled),local_only,l_CLI62,0.1529,0.1614
Austropotamobius torrentium (pooled),local_only,l_CLI63,0.1468,0.1629
Austropotamobius torrentium (pooled),local_only,l_CLI64,0.2067,0.1003
Austropotamobius torrentium (pooled),local_only,l_CLI65,0.2258,0.1502
Austropotamobius torrentium (pooled),local_only,l_CLI66,0.2405,0.1487
Austropotamobius torrentium (pooled),local_only,l_CLI67,0.2333,0.1483
Austropotamobius torrentium (pooled),local_only,l_CLI68,0.2745,0.1211
Austropotamobius torrentium (pooled),local_only,l_CLI69,0.4716,0.2273
Austropotamobius torrentium (pooled),local_only,l_CLI70,0.4798,0.2268
Austropotamobius torrentium (pooled),local_only,l_CLI71,0.4764,0.2271
Austropotamobius torrentium (pooled),local_only,l_CLI72,0.2921,0.1087
Austropotamobius torrentium (pooled),local_only,l_CLI73,0.0298,0.096
Austropotamobius torrentium (pooled),local_only,l_CLI74,0.0434,0.1005
Austropotamobius torrentium (pooled),local_only,l_CLI75,0.0365,0.0974
Austropotamobius torrentium (pooled),local_only,l_CLI76,0.2033,0.114
Austropotamobius torrentium (pooled),local_only,l_TOP124,0.0099,0.3003
Austropotamobius torrentium (pooled),local_only,l_TOP125,0.1247,0.2687
Austropotamobius torrentium (pooled),local_only,l_TOP126,0.1217,0.3128
Austropotamobius torrentium (pooled),local_only,l_TOP127,0.1235,0.1434
Austropotamobius torrentium (pooled),local_only,l_TOP128,-0.0177,0.4029
Austropotamobius torrentium (pooled),local_only,l_TOP129,0.0961,0.2921
Austropotamobius torrentium (pooled),local_only,l_TOP130,0.0973,0.349
Austropotamobius torrentium (pooled),local_only,l_TOP131,0.1003,0.166
Austropotamobius torrentium (pooled),local_only,l_LAC1,0.2288,0.1299
Austropotamobius torrentium (pooled),local_only,l_LAC2,-0.0746,0.009
Austropotamobius torrentium (pooled),local_only,l_LAC3,-0.1354,0.043
Austropotamobius torrentium (pooled),local_only,l_LAC4,0.0066,0.0118
Austropotamobius torrentium (pooled),local_only,l_LAC5,,0.0
Austropotamobius torrentium (pooled),local_only,l_LAC6,-0.7125,0.3098
Austropotamobius torrentium (pooled),local_only,l_LAC7,0.1483,0.0996
Austropotamobius torrentium (pooled),local_only,l_LAC8,0.0406,0.0008
Austropotamobius torrentium (pooled),local_only,l_LAC9,-0.0051,0.04
Austropotamobius torrentium (pooled),local_only,l_LAC10,0.1209,0.1317
Austropotamobius torrentium (pooled),local_only,l_LAC11,0.0218,0.0029
Austropotamobius torrentium (pooled),local_only,l_LAC12,-0.1282,0.0126
Austropotamobius torrentium (pooled),local_only,l_LAC13,0.4011,0.2189
Austropotamobius torrentium (pooled),local_only,l_LAC14,,0.0
Austropotamobius torrentium (pooled),local_only,l_LAC15,0.0406,0.0008
Austropotamobius torrentium (pooled),local_only,l_LAC16,,0.0
Austropotamobius torrentium (pooled),local_only,l_LAC17,,0.0
Austropotamobius torrentium (pooled),local_only,l_LAC18,-0.044,0.001
Austropotamobius torrentium (pooled),local_only,l_LAC19,0.3525,0.1473
Austropotamobius torrentium (pooled),local_only,l_LAC20,0.0228,0.004
Austropotamobius torrentium (pooled),local_only,l_LAC21,0.0442,0.0172
Austropotamobius torrentium (pooled),local_only,l_LAC22,,0.0
Austropotamobius torrentium (pooled),local_only,l_SOL1,-0.4622,0.3118
Austropotamobius torrentium (pooled),local_only,l_SOL2,-0.2333,0.215
Austropotamobius torrentium (pooled),local_only,l_SOL3,-0.3536,0.2943
Austropotamobius torrentium (pooled),local_only,l_SOL4,0.2125,0.1131
Austropotamobius torrentium (pooled),local_only,l_SOL9,-0.8341,0.3853
Austropotamobius torrentium (pooled),local_only,l_SOL10,-0.7516,0.3918
Austropotamobius torrentium (pooled),local_only,l_SOL11,-0.8057,0.4166
Austropotamobius torrentium (pooled),local_only,l_SOL12,0.1084,0.1436
Austropotamobius torrentium (pooled),local_only,l_SOL13,0.1742,0.1045
Austropotamobius torrentium (pooled),local_only,l_SOL14,0.3801,0.1827
Austropotamobius torrentium (pooled),local_only,l_SOL15,0.2704,0.1461
Austropotamobius torrentium (pooled),local_only,l_SOL16,0.3888,0.186
Austropotamobius torrentium (pooled),local_only,l_SOL17,0.4043,0.1707
Austropotamobius torrentium (pooled),local_only,l_SOL18,0.6337,0.2418
Austropotamobius torrentium (pooled),local_only,l_SOL19,0.5497,0.2116
Austropotamobius torrentium (pooled),local_only,l_SOL20,0.4502,0.201
Austropotamobius torrentium (pooled),local_only,l_SOL5,-0.6637,0.279
Austropotamobius torrentium (pooled),local_only,l_SOL6,-0.5068,0.2611
Austropotamobius torrentium (pooled),local_only,l_SOL7,-0.6103,0.2914
Austropotamobius torrentium (pooled),local_only,l_SOL8,0.2724,0.13
Austropotamobius torrentium (pooled),local_only,l_SOL37,-0.0139,0.0723
Austropotamobius torrentium (pooled),local_only,l_SOL38,0.1877,0.1132
Austropotamobius torrentium (pooled),local_only,l_SOL39,0.1111,0.0598
Austropotamobius torrentium (pooled),local_only,l_SOL40,0.2308,0.184
Austropotamobius torrentium (pooled),local_only,l_SOL41,-0.7136,0.2898
Austropotamobius torrentium (pooled),local_only,l_SOL42,-0.5194,0.1955
Austropotamobius torrentium (pooled),local_only,l_SOL43,-0.625,0.2573
Austropotamobius torrentium (pooled),local_only,l_SOL44,0.3874,0.1701
Austropotamobius torrentium (pooled),local_only,l_SOL25,-0.0423,0.0651
Austropotamobius torrentium (pooled),local_only,l_SOL26,0.1139,0.1614
Austropotamobius torrentium (pooled),local_only,l_SOL27,0.0364,0.124
Austropotamobius torrentium (pooled),local_only,l_SOL28,0.2021,0.1075
Austropotamobius torrentium (pooled),local_only,l_SOL29,-0.8402,0.3949
Austropotamobius torrentium (pooled),local_only,l_SOL30,-0.4951,0.3017
Austropotamobius torrentium (pooled),local_only,l_SOL31,-0.7403,0.3624
Austropotamobius torrentium (pooled),local_only,l_SOL32,0.222,0.1024
Austropotamobius torrentium (pooled),local_only,l_SOL21,0.5873,0.2868
Austropotamobius torrentium (pooled),local_only,l_SOL22,0.4285,0.2419
Austropotamobius torrentium (pooled),local_only,l_SOL23,0.5318,0.2641
Austropotamobius torrentium (pooled),local_only,l_SOL24,-0.227,0.1023
Austropotamobius torrentium (pooled),local_only,l_SOL45,0.3947,0.1157
Austropotamobius torrentium (pooled),local_only,l_SOL46,0.5822,0.1853
Austropotamobius torrentium (pooled),local_only,l_SOL47,0.5058,0.1848
Austropotamobius torrentium (pooled),local_only,l_SOL48,0.2576,0.1179
Austropotamobius torrentium (pooled),local_only,l_SOL53,-0.2773,0.089
Austropotamobius torrentium (pooled),local_only,l_SOL54,-0.1617,0.039
Austropotamobius torrentium (pooled),local_only,l_SOL55,-0.2607,0.0931
Austropotamobius torrentium (pooled),local_only,l_SOL56,0.2626,0.0877
Austropotamobius torrentium (pooled),local_only,l_SOL57,0.3896,0.1635
Austropotamobius torrentium (pooled),local_only,l_SOL58,0.5492,0.212
Austropotamobius torrentium (pooled),local_only,l_SOL59,0.4954,0.2034
Austropotamobius torrentium (pooled),local_only,l_SOL60,0.2967,0.1549
Austropotamobius torrentium (pooled),local_only,l_SOL33,0.3249,0.1672
Austropotamobius torrentium (pooled),local_only,l_SOL34,0.5846,0.2415
Austropotamobius torrentium (pooled),local_only,l_SOL35,0.4924,0.2367
Austropotamobius torrentium (pooled),local_only,l_SOL36,0.4571,0.1943
Austropotamobius torrentium (pooled),local_only,l_SOL49,,0.0
Austropotamobius torrentium (pooled),local_only,l_SOL50,,0.0
Austropotamobius torrentium (pooled),local_only,l_SOL51,,0.0
Austropotamobius torrentium (pooled),local_only,l_SOL52,,0.0
Austropotamobius torrentium (pooled),local_only,l_TOP108,0.0369,0.4068
Austropotamobius torrentium (pooled),local_only,l_TOP109,0.5944,0.2997
Austropotamobius torrentium (pooled),local_only,l_TOP110,0.2121,0.1412
Austropotamobius torrentium (pooled),local_only,l_TOP111,0.1268,0.1015
Austropotamobius torrentium (pooled),local_only,l_TOP112,0.6878,0.3603
Austropotamobius torrentium (pooled),local_only,l_TOP113,-0.1458,0.3923
Austropotamobius torrentium (pooled),local_only,l_TOP132,-0.0067,0.3997
Austropotamobius torrentium (pooled),local_only,l_TOP114,0.5259,0.2744
Austropotamobius torrentium (pooled),local_only,l_TOP115,-0.0265,0.1127
Austropotamobius torrentium (pooled),local_only,l_TOP116,-0.0759,0.1065
Austropotamobius torrentium (pooled),local_only,l_TOP117,0.1613,0.142
Austropotamobius torrentium (pooled),local_only,l_TOP118,0.0371,0.0722
Austropotamobius torrentium (pooled),local_only,l_TOP119,0.1388,0.104
Austropotamobius torrentium (pooled),local_only,l_TOP120,-0.0759,0.1065
Austropotamobius torrentium (pooled),local_only,l_TOP121,-0.1166,0.1124
Austropotamobius torrentium (pooled),local_only,l_TOP122,-0.0819,0.1004
Austropotamobius torrentium (pooled),local_only,l_TOP123,-0.1418,0.1566
Austropotamobius torrentium (pooled),local_only,l_TOP1,0.5247,0.2428
Austropotamobius torrentium (pooled),local_only,l_TOP2,-0.5733,0.2504
Austropotamobius torrentium (pooled),local_only,l_TOP3,0.511,0.2472
Austropotamobius torrentium (pooled),local_only,l_TOP4,-0.7811,0.3157
Austropotamobius torrentium (pooled),local_only,l_TOP5,0.5266,0.2428
Austropotamobius torrentium (pooled),local_only,l_TOP6,-0.5261,0.2345
Austropotamobius torrentium (pooled),local_only,l_TOP7,0.6032,0.2655
Austropotamobius torrentium (pooled),local_only,l_TOP8,-0.7419,0.3103
Austropotamobius torrentium (pooled),local_only,l_TOP9,-0.0738,0.0368
Austropotamobius torrentium (pooled),local_only,l_TOP10,-0.5731,0.2705
Austropotamobius torrentium (pooled),local_only,l_TOP11,-0.5893,0.2863
Austropotamobius torrentium (pooled),local_only,l_TOP12,-0.6865,0.3157
Austropotamobius torrentium (pooled),local_only,l_TOP13,-0.0665,0.0824
Austropotamobius torrentium (pooled),local_only,l_TOP14,-0.3949,0.2341
Austropotamobius torrentium (pooled),local_only,l_TOP15,-0.5139,0.266
Austropotamobius torrentium (pooled),local_only,l_TOP16,-0.5849,0.293
Austropotamobius torrentium (pooled),local_only,l_TOP17,0.0322,0.0023
Austropotamobius torrentium (pooled),local_only,l_TOP18,0.1087,0.1626
Austropotamobius torrentium (pooled),local_only,l_TOP19,-0.0268,0.0885
Austropotamobius torrentium (pooled),local_only,l_TOP20,-0.0065,0.0792
Austropotamobius torrentium (pooled),local_only,l_TOP21,0.0419,0.0023
Austropotamobius torrentium (pooled),local_only,l_TOP22,-0.1455,0.3844
Austropotamobius torrentium (pooled),local_only,l_TOP23,-0.1904,0.3929
Austropotamobius torrentium (pooled),local_only,l_TOP24,-0.1728,0.3971
Austropotamobius torrentium (pooled),local_only,l_TOP25,,0.0
Austropotamobius torrentium (pooled),local_only,l_TOP26,0.1968,0.1509
Austropotamobius torrentium (pooled),local_only,l_TOP27,0.1877,0.1474
Austropotamobius torrentium (pooled),local_only,l_TOP28,0.1611,0.1408
Austropotamobius torrentium (pooled),local_only,l_TOP29,0.5257,0.2736
Austropotamobius torrentium (pooled),local_only,l_TOP30,0.5259,0.2744
Austropotamobius torrentium (pooled),local_only,l_TOP31,0.5258,0.2744
Austropotamobius torrentium (pooled),local_only,l_TOP32,0.2719,0.1931
Austropotamobius torrentium (pooled),local_only,l_TOP33,,0.0
Austropotamobius torrentium (pooled),local_only,l_TOP34,0.2659,0.1813
Austropotamobius torrentium (pooled),local_only,l_TOP35,0.2851,0.1945
Austropotamobius torrentium (pooled),local_only,l_TOP36,0.2719,0.1931
Austropotamobius torrentium (pooled),local_only,l_TOP37,,0.0
Austropotamobius torrentium (pooled),local_only,l_TOP38,0.3692,0.1775
Austropotamobius torrentium (pooled),local_only,l_TOP39,0.3272,0.1731
Austropotamobius torrentium (pooled),local_only,l_TOP40,0.3371,0.168
Austropotamobius torrentium (pooled),local_only,l_TOP41,0.0044,0.0023
Austropotamobius torrentium (pooled),local_only,l_TOP42,-0.4584,0.2562
Austropotamobius torrentium (pooled),local_only,l_TOP43,-0.5495,0.2824
Austropotamobius torrentium (pooled),local_only,l_TOP44,-0.5781,0.2968
Austropotamobius torrentium (pooled),local_only,l_TOP45,0.0381,0.0023
Austropotamobius torrentium (pooled),local_only,l_TOP46,-0.6999,0.3781
Austropotamobius torrentium (pooled),local_only,l_TOP47,-0.6959,0.4041
Austropotamobius torrentium (pooled),local_only,l_TOP48,-0.7057,0.396
Austropotamobius torrentium (pooled),local_only,l_TOP49,-0.0725,0.1172
Austropotamobius torrentium (pooled),local_only,l_TOP50,-0.3523,0.193
Austropotamobius torrentium (pooled),local_only,l_TOP51,-0.368,0.212
Austropotamobius torrentium (pooled),local_only,l_TOP52,-0.3848,0.229
Austropotamobius torrentium (pooled),local_only,l_TOP53,-0.0172,0.1325
Austropotamobius torrentium (pooled),local_only,l_TOP54,-0.0655,0.1011
Austropotamobius torrentium (pooled),local_only,l_TOP55,-0.0261,0.1259
Austropotamobius torrentium (pooled),local_only,l_TOP56,-0.1417,0.1568
Austropotamobius torrentium (pooled),local_only,l_TOP57,,0.0
Austropotamobius torrentium (pooled),local_only,l_TOP58,-0.1318,0.1233
Austropotamobius torrentium (pooled),local_only,l_TOP59,-0.0498,0.073
Austropotamobius torrentium (pooled),local_only,l_TOP60,-0.1416,0.1566
Austropotamobius torrentium (pooled),local_only,l_TOP61,-0.0437,0.0787
Austropotamobius torrentium (pooled),local_only,l_TOP62,-0.0438,0.0774
Austropotamobius torrentium (pooled),local_only,l_TOP63,-0.0437,0.0872
Austropotamobius torrentium (pooled),local_only,l_TOP64,-0.0439,0.0598
Austropotamobius torrentium (pooled),local_only,l_TOP65,0.0768,0.1269
Austropotamobius torrentium (pooled),local_only,l_TOP66,0.1381,0.1138
Austropotamobius torrentium (pooled),local_only,l_TOP67,0.1254,0.1111
Austropotamobius torrentium (pooled),local_only,l_TOP68,0.1186,0.0901
Austropotamobius torrentium (pooled),local_only,l_TOP69,0.0853,0.1254
Austropotamobius torrentium (pooled),local_only,l_TOP70,-0.0434,0.1067
Austropotamobius torrentium (pooled),local_only,l_TOP71,-0.0433,0.1081
Austropotamobius torrentium (pooled),local_only,l_TOP72,-0.0438,0.073
Austropotamobius torrentium (pooled),local_only,l_TOP73,0.0541,0.1149
Austropotamobius torrentium (pooled),local_only,l_TOP74,0.1662,0.1288
Austropotamobius torrentium (pooled),local_only,l_TOP75,0.1331,0.1112
Austropotamobius torrentium (pooled),local_only,l_TOP76,0.161,0.1054
Austropotamobius torrentium (pooled),local_only,l_TOP77,,0.0
Austropotamobius torrentium (pooled),local_only,l_TOP78,0.164,0.1449
Austropotamobius torrentium (pooled),local_only,l_TOP79,0.1512,0.14
Austropotamobius torrentium (pooled),local_only,l_TOP80,0.1713,0.1357
Austropotamobius torrentium (pooled),local_only,l_TOP81,,0.0
Austropotamobius torrentium (pooled),local_only,l_TOP82,0.164,0.1449
Austropotamobius torrentium (pooled),local_only,l_TOP83,0.1689,0.1623
Austropotamobius torrentium (pooled),local_only,l_TOP84,0.1711,0.1363
Austropotamobius torrentium (pooled),local_only,l_TOP85,0.0661,0.1028
Austropotamobius torrentium (pooled),local_only,l_TOP86,-0.0432,0.0818
Austropotamobius torrentium (pooled),local_only,l_TOP87,-0.0433,0.0816
Austropotamobius torrentium (pooled),local_only,l_TOP88,-0.0437,0.0601
Austropotamobius torrentium (pooled),local_only,l_TOP89,0.0023,0.1085
Austropotamobius torrentium (pooled),local_only,l_TOP90,0.1301,0.074
Austropotamobius torrentium (pooled),local_only,l_TOP91,0.0793,0.0948
Austropotamobius torrentium (pooled),local_only,l_TOP92,0.1104,0.0586
Austropotamobius torrentium (pooled),local_only,l_TOP93,-0.0195,0.402
Austropotamobius torrentium (pooled),local_only,l_TOP94,0.212,0.1395
Austropotamobius torrentium (pooled),local_only,l_TOP95,0.2135,0.146
Austropotamobius torrentium (pooled),local_only,l_TOP96,0.2094,0.1416
Austropotamobius torrentium (pooled),local_only,l_TOP97,-0.2662,0.4238
Austropotamobius torrentium (pooled),local_only,l_TOP98,0.212,0.1395
Austropotamobius torrentium (pooled),local_only,l_TOP99,0.1986,0.1388
Austropotamobius torrentium (pooled),local_only,l_TOP100,0.2158,0.1456
Austropotamobius torrentium (pooled),local_only,l_TOP101,-0.3421,0.5184
Austropotamobius torrentium (pooled),local_only,l_TOP102,-0.1421,0.7092
Austropotamobius torrentium (pooled),local_only,l_TOP103,-0.2777,0.1411
Austropotamobius torrentium (pooled),local_only,l_TOP104,0.1977,0.1197
Austropotamobius torrentium (pooled),local_only,l_TOP105,-0.7981,0.3768
Austropotamobius torrentium (pooled),local_only,l_TOP106,-0.7201,0.3554
Austropotamobius torrentium (pooled),local_only,l_TOP107,0.3302,0.1512
Austropotamobius torrentium (pooled),local_only,l_TOP133,-0.1199,0.2878
Austropotamobius torrentium (pooled),local_only,l_TOP134,0.004,0.4163
Austropotamobius torrentium (pooled),local_only,l_TOP135,-0.002,0.439
Austropotamobius torrentium (pooled),local_only,l_TOP136,0.0069,0.4311
Austropotamobius torrentium (pooled),local_only,l_TOP137,-0.5387,0.3096
Austropotamobius torrentium (pooled),local_only,l_TOP138,-0.4144,0.3894
Austropotamobius torrentium (pooled),local_only,l_TOP139,-0.5866,0.358
Austropotamobius torrentium (pooled),local_only,l_TOP140,-0.4033,0.3903
Austropotamobius torrentium (pooled),local_only,l_TOP141,0.4325,0.2544
Austropotamobius torrentium (pooled),local_only,l_TOP142,-0.5676,0.3317
Austropotamobius torrentium (pooled),local_only,l_TOP143,-0.0994,0.0626
Austropotamobius torrentium (pooled),local_only,l_TOP144,-0.8169,0.4081
Austropotamobius torrentium (pooled),upstream_only,u_CLI3,-0.088,0.1223
Austropotamobius torrentium (pooled),upstream_only,u_CLI7,-0.7708,0.4011
Austropotamobius torrentium (pooled),upstream_only,u_CLI11,-0.328,0.1353
Austropotamobius torrentium (pooled),upstream_only,u_CLI15,-0.7514,0.4272
Austropotamobius torrentium (pooled),upstream_only,u_CLI19,-0.3601,0.1825
Austropotamobius torrentium (pooled),upstream_only,u_CLI23,0.2779,0.2532
Austropotamobius torrentium (pooled),upstream_only,u_CLI27,-0.8518,0.3965
Austropotamobius torrentium (pooled),upstream_only,u_CLI31,0.5471,0.3142
Austropotamobius torrentium (pooled),upstream_only,u_CLI35,-0.3302,0.1695
Austropotamobius torrentium (pooled),upstream_only,u_CLI39,-0.281,0.1594
Austropotamobius torrentium (pooled),upstream_only,u_CLI43,0.1309,0.2008
Austropotamobius torrentium (pooled),upstream_only,u_CLI47,0.1119,0.1389
Austropotamobius torrentium (pooled),upstream_only,u_CLI51,0.0734,0.0979
Austropotamobius torrentium (pooled),upstream_only,u_CLI55,0.2329,0.1237
Austropotamobius torrentium (pooled),upstream_only,u_CLI59,-0.1099,0.1799
Austropotamobius torrentium (pooled),upstream_only,u_CLI63,0.1245,0.1218
Austropotamobius torrentium (pooled),upstream_only,u_CLI67,0.2063,0.1359
Austropotamobius torrentium (pooled),upstream_only,u_CLI71,0.4759,0.1888
Austropotamobius torrentium (pooled),upstream_only,u_CLI75,-0.0037,0.0737
Austropotamobius torrentium (pooled),upstream_only,u_TOP126,0.0984,0.1955
Austropotamobius torrentium (pooled),upstream_only,u_TOP130,0.0953,0.2621
Austropotamobius torrentium (pooled),upstream_only,u_LAC1,0.3641,0.1651
Austropotamobius torrentium (pooled),upstream_only,u_LAC2,-0.1879,0.0973
Austropotamobius torrentium (pooled),upstream_only,u_LAC3,0.0228,0.0806
Austropotamobius torrentium (pooled),upstream_only,u_LAC4,-0.1049,0.1044
Austropotamobius torrentium (pooled),upstream_only,u_LAC5,,0.0
Austropotamobius torrentium (pooled),upstream_only,u_LAC6,-0.857,0.4018
Austropotamobius torrentium (pooled),upstream_only,u_LAC7,0.1791,0.1233
Austropotamobius torrentium (pooled),upstream_only,u_LAC8,0.0167,0.0163
Austropotamobius torrentium (pooled),upstream_only,u_LAC9,-0.0301,0.0418
Austropotamobius torrentium (pooled),upstream_only,u_LAC10,0.3283,0.1966
Austropotamobius torrentium (pooled),upstream_only,u_LAC11,-0.0954,0.0246
Austropotamobius torrentium (pooled),upstream_only,u_LAC12,-0.1449,0.05
Austropotamobius torrentium (pooled),upstream_only,u_LAC13,0.472,0.2206
Austropotamobius torrentium (pooled),upstream_only,u_LAC14,-0.0686,0.0038
Austropotamobius torrentium (pooled),upstream_only,u_LAC15,-0.0211,0.0161
Austropotamobius torrentium (pooled),upstream_only,u_LAC16,,0.0
Austropotamobius torrentium (pooled),upstream_only,u_LAC17,,0.0
Austropotamobius torrentium (pooled),upstream_only,u_LAC18,0.0876,0.0062
Austropotamobius torrentium (pooled),upstream_only,u_LAC19,0.4441,0.2399
Austropotamobius torrentium (pooled),upstream_only,u_LAC20,-0.0528,0.0514
Austropotamobius torrentium (pooled),upstream_only,u_LAC21,0.1448,0.0365
Austropotamobius torrentium (pooled),upstream_only,u_LAC22,0.139,0.0124
Austropotamobius torrentium (pooled),upstream_only,u_SOL3,-0.2954,0.2776
Austropotamobius torrentium (pooled),upstream_only,u_SOL11,-0.6007,0.3286
Austropotamobius torrentium (pooled),upstream_only,u_SOL15,0.1689,0.1128
Austropotamobius torrentium (pooled),upstream_only,u_SOL19,0.5084,0.2286
Austropotamobius torrentium (pooled),upstream_only,u_SOL7,-0.488,0.2567
Austropotamobius torrentium (pooled),upstream_only,u_SOL39,0.0693,0.0726
Austropotamobius torrentium (pooled),upstream_only,u_SOL43,-0.5064,0.2314
Austropotamobius torrentium (pooled),upstream_only,u_SOL27,0.0801,0.1455
Austropotamobius torrentium (pooled),upstream_only,u_SOL31,-0.6205,0.3702
Austropotamobius torrentium (pooled),upstream_only,u_SOL23,0.4067,0.2304
Austropotamobius torrentium (pooled),upstream_only,u_SOL47,0.4663,0.1861
Austropotamobius torrentium (pooled),upstream_only,u_SOL55,-0.2128,0.1091
Austropotamobius torrentium (pooled),upstream_only,u_SOL59,0.3594,0.1438
Austropotamobius torrentium (pooled),upstream_only,u_SOL35,0.4873,0.2326
Austropotamobius torrentium (pooled),upstream_only,u_SOL51,-0.0541,0.0025
Austropotamobius torrentium (pooled),upstream_only,u_TOP105,-0.7981,0.3768
Austropotamobius torrentium (pooled),upstream_only,u_TOP110,0.1991,0.1108
Austropotamobius torrentium (pooled),upstream_only,u_TOP111,0.0999,0.0934
Austropotamobius torrentium (pooled),upstream_only,u_TOP112,0.5873,0.2476
Austropotamobius torrentium (pooled),upstream_only,u_TOP113,-0.0333,0.2677
Austropotamobius torrentium (pooled),upstream_only,u_TOP114,0.6102,0.2759
Austropotamobius torrentium (pooled),upstream_only,u_TOP117,-0.3861,0.2742
Austropotamobius torrentium (pooled),upstream_only,u_TOP119,-0.5235,0.293
Austropotamobius torrentium (pooled),upstream_only,u_TOP122,-0.4384,0.246
Austropotamobius torrentium (pooled),upstream_only,u_TOP3,0.6826,0.3187
Austropotamobius torrentium (pooled),upstream_only,u_TOP7,0.683,0.3208
Austropotamobius torrentium (pooled),upstream_only,u_TOP11,0.1459,0.3232
Austropotamobius torrentium (pooled),upstream_only,u_TOP15,-0.5152,0.3051
Austropotamobius torrentium (pooled),upstream_only,u_TOP19,-0.2517,0.1522
Austropotamobius torrentium (pooled),upstream_only,u_TOP23,-0.1473,0.2714
Austropotamobius torrentium (pooled),upstream_only,u_TOP27,0.1746,0.1176
Austropotamobius torrentium (pooled),upstream_only,u_TOP31,0.6323,0.2759
Austropotamobius torrentium (pooled),upstream_only,u_TOP35,0.2317,0.1083
Austropotamobius torrentium (pooled),upstream_only,u_TOP39,-0.1463,0.1063
Austropotamobius torrentium (pooled),upstream_only,u_TOP43,-0.2702,0.3402
Austropotamobius torrentium (pooled),upstream_only,u_TOP47,-0.5624,0.3257
Austropotamobius torrentium (pooled),upstream_only,u_TOP51,-0.4554,0.325
Austropotamobius torrentium (pooled),upstream_only,u_TOP55,-0.3677,0.2208
Austropotamobius torrentium (pooled),upstream_only,u_TOP59,-0.4448,0.3041
Austropotamobius torrentium (pooled),upstream_only,u_TOP63,-0.5208,0.3022
Austropotamobius torrentium (pooled),upstream_only,u_TOP67,-0.4711,0.2937
Austropotamobius torrentium (pooled),upstream_only,u_TOP71,-0.5235,0.2915
Austropotamobius torrentium (pooled),upstream_only,u_TOP75,-0.5317,0.2938
Austropotamobius torrentium (pooled),upstream_only,u_TOP79,-0.1343,0.2705
Austropotamobius torrentium (pooled),upstream_only,u_TOP83,-0.1349,0.2612
Austropotamobius torrentium (pooled),upstream_only,u_TOP87,-0.5537,0.3069
Austropotamobius torrentium (pooled),upstream_only,u_TOP91,-0.5413,0.3103
Austropotamobius torrentium (pooled),upstream_only,u_TOP95,0.217,0.1021
Austropotamobius torrentium (pooled),upstream_only,u_TOP99,0.2037,0.1006
Austropotamobius torrentium (pooled),upstream_only,u_TOP103,-0.3468,0.3442
Austropotamobius torrentium (pooled),upstream_only,u_TOP135,-0.1843,0.355
Austropotamobius torrentium (pooled),upstream_only,u_TOP139,-0.6047,0.3426
Austropotamobius torrentium (pooled),upstream_only,u_TOP143,0.4732,0.2646
Austropotamobius fulcisianus (pooled),local_only,l_CLI1,-0.7794,0.3656
Austropotamobius fulcisianus (pooled),local_only,l_CLI2,-0.6387,0.3104
Austropotamobius fulcisianus (pooled),local_only,l_CLI3,-0.7079,0.3535
Austropotamobius fulcisianus (pooled),local_only,l_CLI4,0.6234,0.264
Austropotamobius fulcisianus (pooled),local_only,l_CLI5,-0.3339,0.1734
Austropotamobius fulcisianus (pooled),local_only,l_CLI6,-0.3337,0.1734
Austropotamobius fulcisianus (pooled),local_only,l_CLI7,-0.3354,0.1747
Austropotamobius fulcisianus (pooled),local_only,l_CLI8,0.0542,0.0401
Austropotamobius fulcisianus (pooled),local_only,l_CLI9,-0.9437,0.5246
Austropotamobius fulcisianus (pooled),local_only,l_CLI10,-0.9343,0.5351
Austropotamobius fulcisianus (pooled),local_only,l_CLI11,-0.943,0.5324
Austropotamobius fulcisianus (pooled),local_only,l_CLI12,0.2759,0.1671
Austropotamobius fulcisianus (pooled),local_only,l_CLI13,0.9524,0.3604
Austropotamobius fulcisianus (pooled),local_only,l_CLI14,0.9792,0.3634
Austropotamobius fulcisianus (pooled),local_only,l_CLI15,0.968,0.3602
Austropotamobius fulcisianus (pooled),local_only,l_CLI16,0.3761,0.2667
Austropotamobius fulcisianus (pooled),local_only,l_CLI17,-0.7465,0.3134
Austropotamobius fulcisianus (pooled),local_only,l_CLI18,-0.5896,0.2385
Austropotamobius fulcisianus (pooled),local_only,l_CLI19,-0.6635,0.2774
Austropotamobius fulcisianus (pooled),local_only,l_CLI20,0.6339,0.2787
Austropotamobius fulcisianus (pooled),local_only,l_CLI21,-1.0159,0.4958
Austropotamobius fulcisianus (pooled),local_only,l_CLI22,-0.9691,0.4904
Austropotamobius fulcisianus (pooled),local_only,l_CLI23,-0.9919,0.4837
Austropotamobius fulcisianus (pooled),local_only,l_CLI24,0.6193,0.2577
Austropotamobius fulcisianus (pooled),local_only,l_CLI25,0.4607,0.1931
Austropotamobius fulcisianus (pooled),local_only,l_CLI26,0.4961,0.2045
Austropotamobius fulcisianus (pooled),local_only,l_CLI27,0.4807,0.2034
Austropotamobius fulcisianus (pooled),local_only,l_CLI28,0.3465,0.2393
Austropotamobius fulcisianus (pooled),local_only,l_CLI29,0.293,0.2177
Austropotamobius fulcisianus (pooled),local_only,l_CLI30,0.4963,0.2916
Austropotamobius fulcisianus (pooled),local_only,l_CLI31,0.4049,0.2516
Austropotamobius fulcisianus (pooled),local_only,l_CLI32,0.5899,0.2906
Austropotamobius fulcisianus (pooled),local_only,l_CLI33,-1.0437,0.4888
Austropotamobius fulcisianus (pooled),local_only,l_CLI34,-1.0103,0.4856
Austropotamobius fulcisianus (pooled),local_only,l_CLI35,-1.0217,0.4869
Austropotamobius fulcisianus (pooled),local_only,l_CLI36,0.3592,0.2669
Austropotamobius fulcisianus (pooled),local_only,l_CLI37,-0.5069,0.1905
Austropotamobius fulcisianus (pooled),local_only,l_CLI38,-0.2882,0.1423
Austropotamobius fulcisianus (pooled),local_only,l_CLI39,-0.3935,0.1555
Austropotamobius fulcisianus (pooled),local_only,l_CLI40,0.638,0.2944
Austropotamobius fulcisianus (pooled),local_only,l_CLI41,-1.0334,0.5399
Austropotamobius fulcisianus (pooled),local_only,l_CLI42,-0.977,0.5273
Austropotamobius fulcisianus (pooled),local_only,l_CLI43,-1.0054,0.5394
Austropotamobius fulcisianus (pooled),local_only,l_CLI44,0.6223,0.2647
Austropotamobius fulcisianus (pooled),local_only,l_CLI45,0.74,0.3805
Austropotamobius fulcisianus (pooled),local_only,l_CLI46,0.7823,0.4093
Austropotamobius fulcisianus (pooled),local_only,l_CLI47,0.7571,0.3824
Austropotamobius fulcisianus (pooled),local_only,l_CLI48,0.624,0.2936
Austropotamobius fulcisianus (pooled),local_only,l_CLI49,0.5913,0.3303
Austropotamobius fulcisianus (pooled),local_only,l_CLI50,0.6362,0.358
Austropotamobius fulcisianus (pooled),local_only,l_CLI51,0.6096,0.341
Austropotamobius fulcisianus (pooled),local_only,l_CLI52,0.6089,0.285
Austropotamobius fulcisianus (pooled),local_only,l_CLI53,0.8817,0.438
Austropotamobius fulcisianus (pooled),local_only,l_CLI54,0.9224,0.4534
Austropotamobius fulcisianus (pooled),local_only,l_CLI55,0.899,0.4464
Austropotamobius fulcisianus (pooled),local_only,l_CLI56,0.6422,0.3092
Austropotamobius fulcisianus (pooled),local_only,l_CLI57,-0.5393,0.3557
Austropotamobius fulcisianus (pooled),local_only,l_CLI58,-0.5334,0.3584
Austropotamobius fulcisianus (pooled),local_only,l_CLI59,-0.5365,0.3557
Austropotamobius fulcisianus (pooled),local_only,l_CLI60,0.2785,0.1211
Austropotamobius fulcisianus (pooled),local_only,l_CLI61,0.5845,0.334
Austropotamobius fulcisianus (pooled),local_only,l_CLI62,0.6297,0.3547
Austropotamobius fulcisianus (pooled),local_only,l_CLI63,0.6031,0.3351
Austropotamobius fulcisianus (pooled),local_only,l_CLI64,0.5974,0.2826
Austropotamobius fulcisianus (pooled),local_only,l_CLI65,0.8495,0.4515
Austropotamobius fulcisianus (pooled),local_only,l_CLI66,0.8934,0.4636
Austropotamobius fulcisianus (pooled),local_only,l_CLI67,0.8681,0.4638
Austropotamobius fulcisianus (pooled),local_only,l_CLI68,0.6382,0.3291
Austropotamobius fulcisianus (pooled),local_only,l_CLI69,1.0039,0.5217
Austropotamobius fulcisianus (pooled),local_only,l_CLI70,1.0197,0.5243
Austropotamobius fulcisianus (pooled),local_only,l_CLI71,1.0086,0.523
Austropotamobius fulcisianus (pooled),local_only,l_CLI72,0.6515,0.3366
Austropotamobius fulcisianus (pooled),local_only,l_CLI73,0.3183,0.2547
Austropotamobius fulcisianus (pooled),local_only,l_CLI74,0.3636,0.2722
Austropotamobius fulcisianus (pooled),local_only,l_CLI75,0.337,0.2671
Austropotamobius fulcisianus (pooled),local_only,l_CLI76,0.5268,0.2395
Austropotamobius fulcisianus (pooled),local_only,l_TOP124,0.124,0.2753
Austropotamobius fulcisianus (pooled),local_only,l_TOP125,0.1787,0.1054
Austropotamobius fulcisianus (pooled),local_only,l_TOP126,0.1332,0.0862
Austropotamobius fulcisianus (pooled),local_only,l_TOP127,0.1985,0.1052
Austropotamobius fulcisianus (pooled),local_only,l_TOP128,0.1168,0.2384
Austropotamobius fulcisianus (pooled),local_only,l_TOP129,0.1409,0.1485
Austropotamobius fulcisianus (pooled),local_only,l_TOP130,0.1184,0.1345
Austropotamobius fulcisianus (pooled),local_only,l_TOP131,0.1228,0.1453
Austropotamobius fulcisianus (pooled),local_only,l_LAC1,-0.6187,0.2885
Austropotamobius fulcisianus (pooled),local_only,l_LAC2,-0.3056,0.1185
Austropotamobius fulcisianus (pooled),local_only,l_LAC3,-0.0484,0.0353
Austropotamobius fulcisianus (pooled),local_only,l_LAC4,-0.1242,0.0645
Austropotamobius fulcisianus (pooled),local_only,l_LAC5,,0.0
Austropotamobius fulcisianus (pooled),local_only,l_LAC6,0.3638,0.1755
Austropotamobius fulcisianus (pooled),local_only,l_LAC7,0.4888,0.2117
Austropotamobius fulcisianus (pooled),local_only,l_LAC8,-0.0518,0.0013
Austropotamobius fulcisianus (pooled),local_only,l_LAC9,0.3707,0.1506
Austropotamobius fulcisianus (pooled),local_only,l_LAC10,0.0556,0.0872
Austropotamobius fulcisianus (pooled),local_only,l_LAC11,0.1163,0.0118
Austropotamobius fulcisianus (pooled),local_only,l_LAC12,0.1191,0.0307
Austropotamobius fulcisianus (pooled),local_only,l_LAC13,-0.0467,0.0513
Austropotamobius fulcisianus (pooled),local_only,l_LAC14,,0.0
Austropotamobius fulcisianus (pooled),local_only,l_LAC15,-0.0398,0.0067
Austropotamobius fulcisianus (pooled),local_only,l_LAC16,,0.0
Austropotamobius fulcisianus (pooled),local_only,l_LAC17,,0.0
Austropotamobius fulcisianus (pooled),local_only,l_LAC18,0.074,0.0091
Austropotamobius fulcisianus (pooled),local_only,l_LAC19,-0.0133,0.0506
Austropotamobius fulcisianus (pooled),local_only,l_LAC20,-0.0795,0.0094
Austropotamobius fulcisianus (pooled),local_only,l_LAC21,0.0317,0.014
Austropotamobius fulcisianus (pooled),local_only,l_LAC22,,0.0
Austropotamobius fulcisianus (pooled),local_only,l_SOL1,0.3706,0.1278
Austropotamobius fulcisianus (pooled),local_only,l_SOL2,0.614,0.2205
Austropotamobius fulcisianus (pooled),local_only,l_SOL3,0.5415,0.2193
Austropotamobius fulcisianus (pooled),local_only,l_SOL4,0.5102,0.2549
Austropotamobius fulcisianus (pooled),local_only,l_SOL9,-0.5658,0.2929
Austropotamobius fulcisianus (pooled),local_only,l_SOL10,-0.5394,0.2878
Austropotamobius fulcisianus (pooled),local_only,l_SOL11,-0.5633,0.2948
Austropotamobius fulcisianus (pooled),local_only,l_SOL12,0.1835,0.1233
Austropotamobius fulcisianus (pooled),local_only,l_SOL13,0.5278,0.2414
Austropotamobius fulcisianus (pooled),local_only,l_SOL14,0.4933,0.2373
Austropotamobius fulcisianus (pooled),local_only,l_SOL15,0.517,0.2424
Austropotamobius fulcisianus (pooled),local_only,l_SOL16,0.0289,0.0547
Austropotamobius fulcisianus (pooled),local_only,l_SOL17,-0.1063,0.0651
Austropotamobius fulcisianus (pooled),local_only,l_SOL18,-0.0791,0.0832
Austropotamobius fulcisianus (pooled),local_only,l_SOL19,-0.1258,0.1089
Austropotamobius fulcisianus (pooled),local_only,l_SOL20,-0.0104,0.0749
Austropotamobius fulcisianus (pooled),local_only,l_SOL5,-0.0166,0.0374
Austropotamobius fulcisianus (pooled),local_only,l_SOL6,0.1513,0.0783
Austropotamobius fulcisianus (pooled),local_only,l_SOL7,0.0627,0.0773
Austropotamobius fulcisianus (pooled),local_only,l_SOL8,0.3388,0.1369
Austropotamobius fulcisianus (pooled),local_only,l_SOL37,0.7862,0.3762
Austropotamobius fulcisianus (pooled),local_only,l_SOL38,0.7175,0.4405
Austropotamobius fulcisianus (pooled),local_only,l_SOL39,0.8445,0.4593
Austropotamobius fulcisianus (pooled),local_only,l_SOL40,0.5101,0.3903
Austropotamobius fulcisianus (pooled),local_only,l_SOL41,-1.071,0.4184
Austropotamobius fulcisianus (pooled),local_only,l_SOL42,-1.0889,0.4449
Austropotamobius fulcisianus (pooled),local_only,l_SOL43,-1.1004,0.4551
Austropotamobius fulcisianus (pooled),local_only,l_SOL44,0.223,0.2237
Austropotamobius fulcisianus (pooled),local_only,l_SOL25,-0.8548,0.3425
Austropotamobius fulcisianus (pooled),local_only,l_SOL26,-0.7749,0.3658
Austropotamobius fulcisianus (pooled),local_only,l_SOL27,-0.8348,0.358
Austropotamobius fulcisianus (pooled),local_only,l_SOL28,0.627,0.3352
Austropotamobius fulcisianus (pooled),local_only,l_SOL29,0.2125,0.1132
Austropotamobius fulcisianus (pooled),local_only,l_SOL30,0.5049,0.2056
Austropotamobius fulcisianus (pooled),local_only,l_SOL31,0.4319,0.2069
Austropotamobius fulcisianus (pooled),local_only,l_SOL32,0.5106,0.21
Austropotamobius fulcisianus (pooled),local_only,l_SOL21,0.2032,0.1743
Austropotamobius fulcisianus (pooled),local_only,l_SOL22,0.3615,0.2315
Austropotamobius fulcisianus (pooled),local_only,l_SOL23,0.2996,0.2209
Austropotamobius fulcisianus (pooled),local_only,l_SOL24,0.4161,0.2362
Austropotamobius fulcisianus (pooled),local_only,l_SOL45,0.8023,0.3706
Austropotamobius fulcisianus (pooled),local_only,l_SOL46,0.883,0.4126
Austropotamobius fulcisianus (pooled),local_only,l_SOL47,0.897,0.4263
Austropotamobius fulcisianus (pooled),local_only,l_SOL48,0.2093,0.1006
Austropotamobius fulcisianus (pooled),local_only,l_SOL53,-0.674,0.341
Austropotamobius fulcisianus (pooled),local_only,l_SOL54,-0.4417,0.1785
Austropotamobius fulcisianus (pooled),local_only,l_SOL55,-0.6322,0.3445
Austropotamobius fulcisianus (pooled),local_only,l_SOL56,0.5984,0.3445
Austropotamobius fulcisianus (pooled),local_only,l_SOL57,0.9141,0.3688
Austropotamobius fulcisianus (pooled),local_only,l_SOL58,0.8936,0.3787
Austropotamobius fulcisianus (pooled),local_only,l_SOL59,0.9485,0.406
Austropotamobius fulcisianus (pooled),local_only,l_SOL60,0.359,0.1901
Austropotamobius fulcisianus (pooled),local_only,l_SOL33,0.3941,0.1782
Austropotamobius fulcisianus (pooled),local_only,l_SOL34,0.6478,0.2932
Austropotamobius fulcisianus (pooled),local_only,l_SOL35,0.6016,0.2871
Austropotamobius fulcisianus (pooled),local_only,l_SOL36,0.6828,0.331
Austropotamobius fulcisianus (pooled),local_only,l_SOL49,,0.0
Austropotamobius fulcisianus (pooled),local_only,l_SOL50,,0.0
Austropotamobius fulcisianus (pooled),local_only,l_SOL51,,0.0
Austropotamobius fulcisianus (pooled),local_only,l_SOL52,,0.0
Austropotamobius fulcisianus (pooled),local_only,l_TOP108,-0.0885,0.1109
Austropotamobius fulcisianus (pooled),local_only,l_TOP109,0.1241,0.3061
Austropotamobius fulcisianus (pooled),local_only,l_TOP110,0.0988,0.0614
Austropotamobius fulcisianus (pooled),local_only,l_TOP111,0.1092,0.0603
Austropotamobius fulcisianus (pooled),local_only,l_TOP112,-0.0174,0.0757
Austropotamobius fulcisianus (pooled),local_only,l_TOP113,-0.1411,0.1001
Austropotamobius fulcisianus (pooled),local_only,l_TOP132,-0.0651,0.1294
Austropotamobius fulcisianus (pooled),local_only,l_TOP114,0.2546,0.1923
Austropotamobius fulcisianus (pooled),local_only,l_TOP115,0.1178,0.1409
Austropotamobius fulcisianus (pooled),local_only,l_TOP116,-0.0639,0.2318
Austropotamobius fulcisianus (pooled),local_only,l_TOP117,0.5565,0.2465
Austropotamobius fulcisianus (pooled),local_only,l_TOP118,0.6116,0.2744
Austropotamobius fulcisianus (pooled),local_only,l_TOP119,0.685,0.2884
Austropotamobius fulcisianus (pooled),local_only,l_TOP120,-0.0639,0.2318
Austropotamobius fulcisianus (pooled),local_only,l_TOP121,0.2593,0.1999
Austropotamobius fulcisianus (pooled),local_only,l_TOP122,0.1135,0.1331
Austropotamobius fulcisianus (pooled),local_only,l_TOP123,0.6601,0.3121
Austropotamobius fulcisianus (pooled),local_only,l_TOP1,-0.6384,0.3079
Austropotamobius fulcisianus (pooled),local_only,l_TOP2,0.6339,0.3073
Austropotamobius fulcisianus (pooled),local_only,l_TOP3,-0.7196,0.3552
Austropotamobius fulcisianus (pooled),local_only,l_TOP4,0.6805,0.3681
Austropotamobius fulcisianus (pooled),local_only,l_TOP5,-0.6384,0.3079
Austropotamobius fulcisianus (pooled),local_only,l_TOP6,0.5426,0.2672
Austropotamobius fulcisianus (pooled),local_only,l_TOP7,-0.7298,0.3579
Austropotamobius fulcisianus (pooled),local_only,l_TOP8,0.6809,0.3409
Austropotamobius fulcisianus (pooled),local_only,l_TOP9,0.3353,0.1652
Austropotamobius fulcisianus (pooled),local_only,l_TOP10,0.6708,0.3167
Austropotamobius fulcisianus (pooled),local_only,l_TOP11,0.7367,0.3482
Austropotamobius fulcisianus (pooled),local_only,l_TOP12,0.6265,0.3321
Austropotamobius fulcisianus (pooled),local_only,l_TOP13,0.3777,0.1892
Austropotamobius fulcisianus (pooled),local_only,l_TOP14,0.6256,0.3239
Austropotamobius fulcisianus (pooled),local_only,l_TOP15,0.732,0.3555
Austropotamobius fulcisianus (pooled),local_only,l_TOP16,0.5891,0.324
Austropotamobius fulcisianus (pooled),local_only,l_TOP17,-0.0518,0.0013
Austropotamobius fulcisianus (pooled),local_only,l_TOP18,0.17,0.1178
Austropotamobius fulcisianus (pooled),local_only,l_TOP19,0.1906,0.1443
Austropotamobius fulcisianus (pooled),local_only,l_TOP20,0.1673,0.1158
Austropotamobius fulcisianus (pooled),local_only,l_TOP21,-0.0518,0.0013
Austropotamobius fulcisianus (pooled),local_only,l_TOP22,-0.1378,0.0939
Austropotamobius fulcisianus (pooled),local_only,l_TOP23,-0.1211,0.0958
Austropotamobius fulcisianus (pooled),local_only,l_TOP24,-0.1372,0.1031
Austropotamobius fulcisianus (pooled),local_only,l_TOP25,,0.0
Austropotamobius fulcisianus (pooled),local_only,l_TOP26,0.2216,0.1303
Austropotamobius fulcisianus (pooled),local_only,l_TOP27,0.2306,0.1409
Austropotamobius fulcisianus (pooled),local_only,l_TOP28,0.2179,0.1228
Austropotamobius fulcisianus (pooled),local_only,l_TOP29,0.2545,0.1923
Austropotamobius fulcisianus (pooled),local_only,l_TOP30,0.2547,0.1923
Austropotamobius fulcisianus (pooled),local_only,l_TOP31,0.2546,0.1923
Austropotamobius fulcisianus (pooled),local_only,l_TOP32,0.1985,0.0835
Austropotamobius fulcisianus (pooled),local_only,l_TOP33,,0.0
Austropotamobius fulcisianus (pooled),local_only,l_TOP34,0.1964,0.0899
Austropotamobius fulcisianus (pooled),local_only,l_TOP35,0.1656,0.0763
Austropotamobius fulcisianus (pooled),local_only,l_TOP36,0.1986,0.0835
Austropotamobius fulcisianus (pooled),local_only,l_TOP37,,0.0
Austropotamobius fulcisianus (pooled),local_only,l_TOP38,0.1694,0.0997
Austropotamobius fulcisianus (pooled),local_only,l_TOP39,0.2088,0.1333
Austropotamobius fulcisianus (pooled),local_only,l_TOP40,0.151,0.1125
Austropotamobius fulcisianus (pooled),local_only,l_TOP41,,0.0
Austropotamobius fulcisianus (pooled),local_only,l_TOP42,0.6556,0.3199
Austropotamobius fulcisianus (pooled),local_only,l_TOP43,0.6687,0.3237
Austropotamobius fulcisianus (pooled),local_only,l_TOP44,0.6765,0.3078
Austropotamobius fulcisianus (pooled),local_only,l_TOP45,-0.0518,0.0013
Austropotamobius fulcisianus (pooled),local_only,l_TOP46,0.4337,0.2374
Austropotamobius fulcisianus (pooled),local_only,l_TOP47,0.3393,0.2364
Austropotamobius fulcisianus (pooled),local_only,l_TOP48,0.3354,0.2159
Austropotamobius fulcisianus (pooled),local_only,l_TOP49,-0.4522,0.1781
Austropotamobius fulcisianus (pooled),local_only,l_TOP50,0.5993,0.2936
Austropotamobius fulcisianus (pooled),local_only,l_TOP51,0.5807,0.2981
Austropotamobius fulcisianus (pooled),local_only,l_TOP52,0.6079,0.3065
Austropotamobius fulcisianus (pooled),local_only,l_TOP53,-0.1095,0.2456
Austropotamobius fulcisianus (pooled),local_only,l_TOP54,0.2142,0.1967
Austropotamobius fulcisianus (pooled),local_only,l_TOP55,0.0673,0.1468
Austropotamobius fulcisianus (pooled),local_only,l_TOP56,0.6602,0.3135
Austropotamobius fulcisianus (pooled),local_only,l_TOP57,,0.0
Austropotamobius fulcisianus (pooled),local_only,l_TOP58,0.6617,0.3339
Austropotamobius fulcisianus (pooled),local_only,l_TOP59,0.657,0.3528
Austropotamobius fulcisianus (pooled),local_only,l_TOP60,0.6601,0.3135
Austropotamobius fulcisianus (pooled),local_only,l_TOP61,-0.0462,0.2577
Austropotamobius fulcisianus (pooled),local_only,l_TOP62,-0.047,0.3102
Austropotamobius fulcisianus (pooled),local_only,l_TOP63,-0.0467,0.2992
Austropotamobius fulcisianus (pooled),local_only,l_TOP64,-0.0493,0.2715
Austropotamobius fulcisianus (pooled),local_only,l_TOP65,0.4569,0.219
Austropotamobius fulcisianus (pooled),local_only,l_TOP66,0.6536,0.289
Austropotamobius fulcisianus (pooled),local_only,l_TOP67,0.642,0.2873
Austropotamobius fulcisianus (pooled),local_only,l_TOP68,0.6414,0.3135
Austropotamobius fulcisianus (pooled),local_only,l_TOP69,0.5353,0.2091
Austropotamobius fulcisianus (pooled),local_only,l_TOP70,-0.0449,0.332
Austropotamobius fulcisianus (pooled),local_only,l_TOP71,-0.0439,0.2903
Austropotamobius fulcisianus (pooled),local_only,l_TOP72,-0.0488,0.3342
Austropotamobius fulcisianus (pooled),local_only,l_TOP73,0.5544,0.2355
Austropotamobius fulcisianus (pooled),local_only,l_TOP74,0.6924,0.3339
Austropotamobius fulcisianus (pooled),local_only,l_TOP75,0.6953,0.2944
Austropotamobius fulcisianus (pooled),local_only,l_TOP76,0.628,0.3288
Austropotamobius fulcisianus (pooled),local_only,l_TOP77,,0.0
Austropotamobius fulcisianus (pooled),local_only,l_TOP78,0.5226,0.2366
Austropotamobius fulcisianus (pooled),local_only,l_TOP79,0.5331,0.2465
Austropotamobius fulcisianus (pooled),local_only,l_TOP80,0.5477,0.2484
Austropotamobius fulcisianus (pooled),local_only,l_TOP81,,0.0
Austropotamobius fulcisianus (pooled),local_only,l_TOP82,0.5226,0.2366
Austropotamobius fulcisianus (pooled),local_only,l_TOP83,0.4977,0.2253
Austropotamobius fulcisianus (pooled),local_only,l_TOP84,0.5478,0.2484
Austropotamobius fulcisianus (pooled),local_only,l_TOP85,0.4875,0.1889
Austropotamobius fulcisianus (pooled),local_only,l_TOP86,-0.0463,0.3307
Austropotamobius fulcisianus (pooled),local_only,l_TOP87,-0.0453,0.2835
Austropotamobius fulcisianus (pooled),local_only,l_TOP88,-0.0492,0.3395
Austropotamobius fulcisianus (pooled),local_only,l_TOP89,0.3637,0.1851
Austropotamobius fulcisianus (pooled),local_only,l_TOP90,0.6851,0.3285
Austropotamobius fulcisianus (pooled),local_only,l_TOP91,0.6706,0.2858
Austropotamobius fulcisianus (pooled),local_only,l_TOP92,0.6697,0.3315
Austropotamobius fulcisianus (pooled),local_only,l_TOP93,-0.0696,0.3268
Austropotamobius fulcisianus (pooled),local_only,l_TOP94,0.0986,0.0614
Austropotamobius fulcisianus (pooled),local_only,l_TOP95,0.095,0.0568
Austropotamobius fulcisianus (pooled),local_only,l_TOP96,0.0988,0.0668
Austropotamobius fulcisianus (pooled),local_only,l_TOP97,-0.1799,0.333
Austropotamobius fulcisianus (pooled),local_only,l_TOP98,0.0986,0.0614
Austropotamobius fulcisianus (pooled),local_only,l_TOP99,0.0939,0.0654
Austropotamobius fulcisianus (pooled),local_only,l_TOP100,0.1003,0.07
Austropotamobius fulcisianus (pooled),local_only,l_TOP101,-0.1222,0.3688
Austropotamobius fulcisianus (pooled),local_only,l_TOP102,-0.2108,0.5386
Austropotamobius fulcisianus (pooled),local_only,l_TOP103,-0.1974,0.1064
Austropotamobius fulcisianus (pooled),local_only,l_TOP104,-0.024,0.0937
Austropotamobius fulcisianus (pooled),local_only,l_TOP105,-0.1604,0.074
Austropotamobius fulcisianus (pooled),local_only,l_TOP106,-0.1062,0.0706
Austropotamobius fulcisianus (pooled),local_only,l_TOP107,0.2068,0.0985
Austropotamobius fulcisianus (pooled),local_only,l_TOP133,0.2704,0.2745
Austropotamobius fulcisianus (pooled),local_only,l_TOP134,-0.067,0.1408
Austropotamobius fulcisianus (pooled),local_only,l_TOP135,-0.0722,0.1612
Austropotamobius fulcisianus (pooled),local_only,l_TOP136,-0.0724,0.1394
Austropotamobius fulcisianus (pooled),local_only,l_TOP137,0.4914,0.2981
Austropotamobius fulcisianus (pooled),local_only,l_TOP138,0.1601,0.3016
Austropotamobius fulcisianus (pooled),local_only,l_TOP139,0.4153,0.3323
Austropotamobius fulcisianus (pooled),local_only,l_TOP140,0.1125,0.3014
Austropotamobius fulcisianus (pooled),local_only,l_TOP141,-0.5641,0.3186
Austropotamobius fulcisianus (pooled),local_only,l_TOP142,-0.3862,0.2145
Austropotamobius fulcisianus (pooled),local_only,l_TOP143,-0.4949,0.3067
Austropotamobius fulcisianus (pooled),local_only,l_TOP144,-0.245,0.1351
Austropotamobius fulcisianus (pooled),upstream_only,u_CLI3,-0.6446,0.342
Austropotamobius fulcisianus (pooled),upstream_only,u_CLI7,-0.1417,0.1189
Austropotamobius fulcisianus (pooled),upstream_only,u_CLI11,-0.6379,0.4069
Austropotamobius fulcisianus (pooled),upstream_only,u_CLI15,0.7705,0.2786
Austropotamobius fulcisianus (pooled),upstream_only,u_CLI19,-0.549,0.2382
Austropotamobius fulcisianus (pooled),upstream_only,u_CLI23,-0.8135,0.4213
Austropotamobius fulcisianus (pooled),upstream_only,u_CLI27,0.4679,0.2305
Austropotamobius fulcisianus (pooled),upstream_only,u_CLI31,0.1471,0.1855
Austropotamobius fulcisianus (pooled),upstream_only,u_CLI35,-0.81,0.3988
Austropotamobius fulcisianus (pooled),upstream_only,u_CLI39,-0.4188,0.1931
Austropotamobius fulcisianus (pooled),upstream_only,u_CLI43,-0.8094,0.4219
Austropotamobius fulcisianus (pooled),upstream_only,u_CLI47,0.4405,0.2768
Austropotamobius fulcisianus (pooled),upstream_only,u_CLI51,0.3323,0.2827
Austropotamobius fulcisianus (pooled),upstream_only,u_CLI55,0.6079,0.3725
Austropotamobius fulcisianus (pooled),upstream_only,u_CLI59,-0.3909,0.3606
Austropotamobius fulcisianus (pooled),upstream_only,u_CLI63,0.2999,0.2466
Austropotamobius fulcisianus (pooled),upstream_only,u_CLI67,0.5728,0.3749
Austropotamobius fulcisianus (pooled),upstream_only,u_CLI71,0.6572,0.3673
Austropotamobius fulcisianus (pooled),upstream_only,u_CLI75,0.1842,0.2396
Austropotamobius fulcisianus (pooled),upstream_only,u_TOP126,0.099,0.0675
Austropotamobius fulcisianus (pooled),upstream_only,u_TOP130,0.0198,0.0702
Austropotamobius fulcisianus (pooled),upstream_only,u_LAC1,-0.7364,0.3723
Austropotamobius fulcisianus (pooled),upstream_only,u_LAC2,-0.2785,0.2321
Austropotamobius fulcisianus (pooled),upstream_only,u_LAC3,-0.1169,0.0521
Austropotamobius fulcisianus (pooled),upstream_only,u_LAC4,-0.1946,0.2309
Austropotamobius fulcisianus (pooled),upstream_only,u_LAC5,,0.0
Austropotamobius fulcisianus (pooled),upstream_only,u_LAC6,0.1432,0.1197
Austropotamobius fulcisianus (pooled),upstream_only,u_LAC7,0.4836,0.2514
Austropotamobius fulcisianus (pooled),upstream_only,u_LAC8,-0.0568,0.0075
Austropotamobius fulcisianus (pooled),upstream_only,u_LAC9,0.3736,0.2202
Austropotamobius fulcisianus (pooled),upstream_only,u_LAC10,0.0321,0.0792
Austropotamobius fulcisianus (pooled),upstream_only,u_LAC11,0.1882,0.0878
Austropotamobius fulcisianus (pooled),upstream_only,u_LAC12,0.3438,0.1503
Austropotamobius fulcisianus (pooled),upstream_only,u_LAC13,0.1525,0.0825
Austropotamobius fulcisianus (pooled),upstream_only,u_LAC14,,0.0
Austropotamobius fulcisianus (pooled),upstream_only,u_LAC15,0.1989,0.068
Austropotamobius fulcisianus (pooled),upstream_only,u_LAC16,,0.0
Austropotamobius fulcisianus (pooled),upstream_only,u_LAC17,,0.0
Austropotamobius fulcisianus (pooled),upstream_only,u_LAC18,-0.147,0.0285
Austropotamobius fulcisianus (pooled),upstream_only,u_LAC19,0.0381,0.1108
Austropotamobius fulcisianus (pooled),upstream_only,u_LAC20,0.1585,0.075
Austropotamobius fulcisianus (pooled),upstream_only,u_LAC21,0.043,0.0238
Austropotamobius fulcisianus (pooled),upstream_only,u_LAC22,0.1948,0.0354
Austropotamobius fulcisianus (pooled),upstream_only,u_SOL3,0.3566,0.2469
Austropotamobius fulcisianus (pooled),upstream_only,u_SOL11,-0.4798,0.2301
Austropotamobius fulcisianus (pooled),upstream_only,u_SOL15,0.4665,0.2123
Austropotamobius fulcisianus (pooled),upstream_only,u_SOL19,-0.141,0.089
Austropotamobius fulcisianus (pooled),upstream_only,u_SOL7,0.0277,0.1374
Austropotamobius fulcisianus (pooled),upstream_only,u_SOL39,0.7004,0.3189
Austropotamobius fulcisianus (pooled),upstream_only,u_SOL43,-0.7128,0.3
Austropotamobius fulcisianus (pooled),upstream_only,u_SOL27,-0.5364,0.2545
Austropotamobius fulcisianus (pooled),upstream_only,u_SOL31,0.6017,0.3031
Austropotamobius fulcisianus (pooled),upstream_only,u_SOL23,0.4601,0.362
Austropotamobius fulcisianus (pooled),upstream_only,u_SOL47,0.5898,0.3242
Austropotamobius fulcisianus (pooled),upstream_only,u_SOL55,-0.5594,0.392
Austropotamobius fulcisianus (pooled),upstream_only,u_SOL59,0.8222,0.4338
Austropotamobius fulcisianus (pooled),upstream_only,u_SOL35,0.3764,0.2087
Austropotamobius fulcisianus (pooled),upstream_only,u_SOL51,-0.079,0.0051
Austropotamobius fulcisianus (pooled),upstream_only,u_TOP105,-0.1604,0.074
Austropotamobius fulcisianus (pooled),upstream_only,u_TOP110,0.3078,0.1529
Austropotamobius fulcisianus (pooled),upstream_only,u_TOP111,0.3432,0.1757
Austropotamobius fulcisianus (pooled),upstream_only,u_TOP112,0.0405,0.15
Austropotamobius fulcisianus (pooled),upstream_only,u_TOP113,-0.1683,0.1539
Austropotamobius fulcisianus (pooled),upstream_only,u_TOP114,0.23,0.1742
Austropotamobius fulcisianus (pooled),upstream_only,u_TOP117,0.7309,0.4079
Austropotamobius fulcisianus (pooled),upstream_only,u_TOP119,0.7468,0.3687
Austropotamobius fulcisianus (pooled),upstream_only,u_TOP122,0.3467,0.2154
Austropotamobius fulcisianus (pooled),upstream_only,u_TOP3,-0.7047,0.3408
Austropotamobius fulcisianus (pooled),upstream_only,u_TOP7,-0.7108,0.3357
Austropotamobius fulcisianus (pooled),upstream_only,u_TOP11,0.734,0.3608
Austropotamobius fulcisianus (pooled),upstream_only,u_TOP15,0.6979,0.3242
Austropotamobius fulcisianus (pooled),upstream_only,u_TOP19,0.4482,0.2813
Austropotamobius fulcisianus (pooled),upstream_only,u_TOP23,-0.1576,0.1028
Austropotamobius fulcisianus (pooled),upstream_only,u_TOP27,0.3783,0.2212
Austropotamobius fulcisianus (pooled),upstream_only,u_TOP31,0.23,0.1742
Austropotamobius fulcisianus (pooled),upstream_only,u_TOP35,0.3998,0.221
Austropotamobius fulcisianus (pooled),upstream_only,u_TOP39,0.2172,0.164
Austropotamobius fulcisianus (pooled),upstream_only,u_TOP43,0.7225,0.3584
Austropotamobius fulcisianus (pooled),upstream_only,u_TOP47,0.6697,0.3616
Austropotamobius fulcisianus (pooled),upstream_only,u_TOP51,0.6931,0.3685
Austropotamobius fulcisianus (pooled),upstream_only,u_TOP55,0.3183,0.2053
Austropotamobius fulcisianus (pooled),upstream_only,u_TOP59,0.7786,0.3871
Austropotamobius fulcisianus (pooled),upstream_only,u_TOP63,0.6905,0.3537
Austropotamobius fulcisianus (pooled),upstream_only,u_TOP67,0.7457,0.3632
Austropotamobius fulcisianus (pooled),upstream_only,u_TOP71,0.7255,0.361
Austropotamobius fulcisianus (pooled),upstream_only,u_TOP75,0.7599,0.361
Austropotamobius fulcisianus (pooled),upstream_only,u_TOP79,0.7069,0.4162
Austropotamobius fulcisianus (pooled),upstream_only,u_TOP83,0.7024,0.3933
Austropotamobius fulcisianus (pooled),upstream_only,u_TOP87,0.7202,0.3667
Austropotamobius fulcisianus (pooled),upstream_only,u_TOP91,0.7591,0.3812
Austropotamobius fulcisianus (pooled),upstream_only,u_TOP95,0.2992,0.1503
Austropotamobius fulcisianus (pooled),upstream_only,u_TOP99,0.3057,0.1547
Austropotamobius fulcisianus (pooled),upstream_only,u_TOP103,-0.2098,0.1569
Austropotamobius fulcisianus (pooled),upstream_only,u_TOP135,0.0813,0.1407
Austropotamobius fulcisianus (pooled),upstream_only,u_TOP139,0.76,0.3782
Austropotamobius fulcisianus (pooled),upstream_only,u_TOP143,-0.6416,0.312
